{
  "id": "c6e410bc-5e2c-460b-ae81-c91b6094fbb1",
  "revision": 0,
  "last_node_id": 115,
  "last_link_id": 205,
  "nodes": [
    {
      "id": 50,
      "type": "CLIPTextEncode",
      "pos": [
        1266.8857462883834,
        1688.7092821023682
      ],
      "size": [
        400,
        200
      ],
      "flags": {},
      "order": 17,
      "mode": 2,
      "inputs": [
        {
          "name": "clip",
          "type": "CLIP",
          "link": 53
        }
      ],
      "outputs": [
        {
          "name": "CONDITIONING",
          "type": "CONDITIONING",
          "slot_index": 0,
          "links": [
            55
          ]
        }
      ],
      "properties": {
        "cnr_id": "comfy-core",
        "ver": "0.3.44",
        "Node name for S&R": "CLIPTextEncode"
      },
      "widgets_values": [
        "色调艳丽，过曝，静态，细节模糊不清，字幕，风格，作品，画作，画面，静止，整体发灰，最差质量，低质量，JPEG压缩残留，丑陋的，残缺的，多余的手指，画得不好的手部，画得不好的脸部，畸形的，毁容的，形态畸形的肢体，手指融合，静止不动的画面，杂乱的背景，三条腿，背景人很多，倒着走"
      ],
      "color": "#432",
      "bgcolor": "#653"
    },
    {
      "id": 48,
      "type": "CLIPLoader",
      "pos": [
        906.8855965615153,
        1438.709160032056
      ],
      "size": [
        315,
        106
      ],
      "flags": {},
      "order": 0,
      "mode": 2,
      "inputs": [],
      "outputs": [
        {
          "name": "CLIP",
          "type": "CLIP",
          "slot_index": 0,
          "links": [
            52,
            53
          ]
        }
      ],
      "properties": {
        "cnr_id": "comfy-core",
        "ver": "0.3.44",
        "Node name for S&R": "CLIPLoader"
      },
      "widgets_values": [
        "umt5_xxl_fp16.safetensors",
        "wan",
        "default"
      ],
      "color": "#432",
      "bgcolor": "#653"
    },
    {
      "id": 51,
      "type": "Note",
      "pos": [
        936.8856146813272,
        1268.7086717508062
      ],
      "size": [
        253.16725158691406,
        88
      ],
      "flags": {},
      "order": 1,
      "mode": 0,
      "inputs": [],
      "outputs": [],
      "properties": {},
      "widgets_values": [
        "You can also use native ComfyUI text encoding with these nodes instead of the original, the models are node specific and can't otherwise be mixed."
      ],
      "color": "#432",
      "bgcolor": "#653"
    },
    {
      "id": 49,
      "type": "CLIPTextEncode",
      "pos": [
        1266.8857462883834,
        1438.709160032056
      ],
      "size": [
        400,
        200
      ],
      "flags": {},
      "order": 16,
      "mode": 2,
      "inputs": [
        {
          "name": "clip",
          "type": "CLIP",
          "link": 52
        }
      ],
      "outputs": [
        {
          "name": "CONDITIONING",
          "type": "CONDITIONING",
          "slot_index": 0,
          "links": [
            54
          ]
        }
      ],
      "properties": {
        "cnr_id": "comfy-core",
        "ver": "0.3.44",
        "Node name for S&R": "CLIPTextEncode"
      },
      "widgets_values": [
        "high quality nature video featuring a red panda balancing on a bamboo stem while a bird lands on it's head, on the background there is a waterfall"
      ],
      "color": "#432",
      "bgcolor": "#653"
    },
    {
      "id": 46,
      "type": "WanVideoTextEmbedBridge",
      "pos": [
        1716.8860514641644,
        1428.709160032056
      ],
      "size": [
        315,
        46
      ],
      "flags": {},
      "order": 23,
      "mode": 2,
      "inputs": [
        {
          "name": "positive",
          "type": "CONDITIONING",
          "link": 54
        },
        {
          "name": "negative",
          "shape": 7,
          "type": "CONDITIONING",
          "link": 55
        }
      ],
      "outputs": [
        {
          "name": "text_embeds",
          "type": "WANVIDEOTEXTEMBEDS",
          "links": null
        }
      ],
      "properties": {
        "cnr_id": "ComfyUI-WanVideoWrapper",
        "ver": "998a69cc0acbec503001b8b0ce0a5d5404420e1e",
        "Node name for S&R": "WanVideoTextEmbedBridge"
      },
      "widgets_values": []
    },
    {
      "id": 35,
      "type": "WanVideoTorchCompileSettings",
      "pos": [
        -1675.0766033088285,
        -1310.5341696692076
      ],
      "size": [
        390.5999755859375,
        250
      ],
      "flags": {},
      "order": 2,
      "mode": 0,
      "inputs": [],
      "outputs": [
        {
          "name": "torch_compile_args",
          "type": "WANCOMPILEARGS",
          "slot_index": 0,
          "links": [
            111,
            112
          ]
        }
      ],
      "properties": {
        "cnr_id": "ComfyUI-WanVideoWrapper",
        "ver": "998a69cc0acbec503001b8b0ce0a5d5404420e1e",
        "Node name for S&R": "WanVideoTorchCompileSettings"
      },
      "widgets_values": [
        "inductor",
        false,
        "default",
        false,
        64,
        true,
        128,
        false,
        false
      ]
    },
    {
      "id": 22,
      "type": "WanVideoModelLoader",
      "pos": [
        -1135.0766033088287,
        -1180.5341696692076
      ],
      "size": [
        477.4410095214844,
        338
      ],
      "flags": {},
      "order": 18,
      "mode": 0,
      "inputs": [
        {
          "name": "compile_args",
          "shape": 7,
          "type": "WANCOMPILEARGS",
          "link": 111
        },
        {
          "name": "block_swap_args",
          "shape": 7,
          "type": "BLOCKSWAPARGS",
          "link": null
        },
        {
          "name": "lora",
          "shape": 7,
          "type": "WANVIDLORA",
          "link": null
        },
        {
          "name": "vram_management_args",
          "shape": 7,
          "type": "VRAM_MANAGEMENTARGS",
          "link": null
        },
        {
          "name": "extra_model",
          "shape": 7,
          "type": "VACEPATH",
          "link": null
        },
        {
          "name": "fantasytalking_model",
          "shape": 7,
          "type": "FANTASYTALKINGMODEL",
          "link": null
        },
        {
          "name": "multitalk_model",
          "shape": 7,
          "type": "MULTITALKMODEL",
          "link": null
        },
        {
          "name": "fantasyportrait_model",
          "shape": 7,
          "type": "FANTASYPORTRAITMODEL",
          "link": null
        },
        {
          "name": "vace_model",
          "shape": 7,
          "type": "VACEPATH",
          "link": null
        }
      ],
      "outputs": [
        {
          "name": "model",
          "type": "WANVIDEOMODEL",
          "slot_index": 0,
          "links": [
            155
          ]
        }
      ],
      "properties": {
        "cnr_id": "ComfyUI-WanVideoWrapper",
        "ver": "998a69cc0acbec503001b8b0ce0a5d5404420e1e",
        "Node name for S&R": "WanVideoModelLoader"
      },
      "widgets_values": [
        "WanVideo\\2_2\\Wan2_2-I2V-A14B-HIGH_fp8_e4m3fn_scaled_KJ.safetensors",
        "fp16_fast",
        "fp8_e4m3fn_scaled",
        "offload_device",
        "sageattn",
        "default"
      ],
      "color": "#223",
      "bgcolor": "#335"
    },
    {
      "id": 71,
      "type": "WanVideoModelLoader",
      "pos": [
        -1135.0766033088287,
        -820.5341696692072
      ],
      "size": [
        477.4410095214844,
        338
      ],
      "flags": {},
      "order": 19,
      "mode": 0,
      "inputs": [
        {
          "name": "compile_args",
          "shape": 7,
          "type": "WANCOMPILEARGS",
          "link": 112
        },
        {
          "name": "block_swap_args",
          "shape": 7,
          "type": "BLOCKSWAPARGS",
          "link": null
        },
        {
          "name": "lora",
          "shape": 7,
          "type": "WANVIDLORA",
          "link": null
        },
        {
          "name": "vram_management_args",
          "shape": 7,
          "type": "VRAM_MANAGEMENTARGS",
          "link": null
        },
        {
          "name": "extra_model",
          "shape": 7,
          "type": "VACEPATH",
          "link": null
        },
        {
          "name": "fantasytalking_model",
          "shape": 7,
          "type": "FANTASYTALKINGMODEL",
          "link": null
        },
        {
          "name": "multitalk_model",
          "shape": 7,
          "type": "MULTITALKMODEL",
          "link": null
        },
        {
          "name": "fantasyportrait_model",
          "shape": 7,
          "type": "FANTASYPORTRAITMODEL",
          "link": null
        },
        {
          "name": "vace_model",
          "shape": 7,
          "type": "VACEPATH",
          "link": null
        }
      ],
      "outputs": [
        {
          "name": "model",
          "type": "WANVIDEOMODEL",
          "slot_index": 0,
          "links": [
            160
          ]
        }
      ],
      "properties": {
        "cnr_id": "ComfyUI-WanVideoWrapper",
        "ver": "998a69cc0acbec503001b8b0ce0a5d5404420e1e",
        "Node name for S&R": "WanVideoModelLoader"
      },
      "widgets_values": [
        "WanVideo\\2_2\\Wan2_2-I2V-A14B-LOW_fp8_e4m3fn_scaled_KJ.safetensors",
        "fp16_fast",
        "fp8_e4m3fn_scaled",
        "offload_device",
        "sageattn",
        "default"
      ],
      "color": "#223",
      "bgcolor": "#335"
    },
    {
      "id": 92,
      "type": "WanVideoSetBlockSwap",
      "pos": [
        -586.7835124885163,
        -1140.21837377077
      ],
      "size": [
        201.7681640625,
        46
      ],
      "flags": {},
      "order": 24,
      "mode": 0,
      "inputs": [
        {
          "name": "model",
          "type": "WANVIDEOMODEL",
          "link": 155
        },
        {
          "name": "block_swap_args",
          "shape": 7,
          "type": "BLOCKSWAPARGS",
          "link": 156
        }
      ],
      "outputs": [
        {
          "name": "model",
          "type": "WANVIDEOMODEL",
          "links": [
            157
          ]
        }
      ],
      "properties": {
        "cnr_id": "ComfyUI-WanVideoWrapper",
        "ver": "7e290c67bff1f906cdab84523018573f6c9d4d7f",
        "Node name for S&R": "WanVideoSetBlockSwap"
      },
      "widgets_values": [],
      "color": "#223",
      "bgcolor": "#335"
    },
    {
      "id": 93,
      "type": "WanVideoSetBlockSwap",
      "pos": [
        -576.2163738166413,
        -701.1524252844418
      ],
      "size": [
        201.7681640625,
        46
      ],
      "flags": {},
      "order": 25,
      "mode": 0,
      "inputs": [
        {
          "name": "model",
          "type": "WANVIDEOMODEL",
          "link": 160
        },
        {
          "name": "block_swap_args",
          "shape": 7,
          "type": "BLOCKSWAPARGS",
          "link": 159
        }
      ],
      "outputs": [
        {
          "name": "model",
          "type": "WANVIDEOMODEL",
          "links": [
            161
          ]
        }
      ],
      "properties": {
        "cnr_id": "ComfyUI-WanVideoWrapper",
        "ver": "7e290c67bff1f906cdab84523018573f6c9d4d7f",
        "Node name for S&R": "WanVideoSetBlockSwap"
      },
      "widgets_values": [],
      "color": "#223",
      "bgcolor": "#335"
    },
    {
      "id": 80,
      "type": "WanVideoSetLoRAs",
      "pos": [
        -139.19440116039127,
        -898.6026511145199
      ],
      "size": [
        222.27981567382812,
        46
      ],
      "flags": {},
      "order": 28,
      "mode": 0,
      "inputs": [
        {
          "name": "model",
          "type": "WANVIDEOMODEL",
          "link": 157
        },
        {
          "name": "lora",
          "shape": 7,
          "type": "WANVIDLORA",
          "link": 110
        }
      ],
      "outputs": [
        {
          "name": "model",
          "type": "WANVIDEOMODEL",
          "links": [
            109
          ]
        }
      ],
      "properties": {
        "cnr_id": "ComfyUI-WanVideoWrapper",
        "ver": "998a69cc0acbec503001b8b0ce0a5d5404420e1e",
        "Node name for S&R": "WanVideoSetLoRAs"
      },
      "widgets_values": [],
      "color": "#223",
      "bgcolor": "#335"
    },
    {
      "id": 90,
      "type": "WanVideoSampler",
      "pos": [
        2206.047119140625,
        -393.0194396972656
      ],
      "size": [
        315,
        874.1923076923076
      ],
      "flags": {},
      "order": 35,
      "mode": 0,
      "inputs": [
        {
          "name": "model",
          "type": "WANVIDEOMODEL",
          "link": 144
        },
        {
          "name": "image_embeds",
          "type": "WANVIDIMAGE_EMBEDS",
          "link": 200
        },
        {
          "name": "text_embeds",
          "shape": 7,
          "type": "WANVIDEOTEXTEMBEDS",
          "link": 183
        },
        {
          "name": "samples",
          "shape": 7,
          "type": "LATENT",
          "link": 143
        },
        {
          "name": "feta_args",
          "shape": 7,
          "type": "FETAARGS",
          "link": null
        },
        {
          "name": "context_options",
          "shape": 7,
          "type": "WANVIDCONTEXT",
          "link": null
        },
        {
          "name": "cache_args",
          "shape": 7,
          "type": "CACHEARGS",
          "link": null
        },
        {
          "name": "flowedit_args",
          "shape": 7,
          "type": "FLOWEDITARGS",
          "link": null
        },
        {
          "name": "slg_args",
          "shape": 7,
          "type": "SLGARGS",
          "link": null
        },
        {
          "name": "loop_args",
          "shape": 7,
          "type": "LOOPARGS",
          "link": null
        },
        {
          "name": "experimental_args",
          "shape": 7,
          "type": "EXPERIMENTALARGS",
          "link": null
        },
        {
          "name": "sigmas",
          "shape": 7,
          "type": "SIGMAS",
          "link": null
        },
        {
          "name": "unianimate_poses",
          "shape": 7,
          "type": "UNIANIMATE_POSE",
          "link": null
        },
        {
          "name": "fantasytalking_embeds",
          "shape": 7,
          "type": "FANTASYTALKING_EMBEDS",
          "link": null
        },
        {
          "name": "uni3c_embeds",
          "shape": 7,
          "type": "UNI3C_EMBEDS",
          "link": null
        },
        {
          "name": "multitalk_embeds",
          "shape": 7,
          "type": "MULTITALK_EMBEDS",
          "link": null
        },
        {
          "name": "freeinit_args",
          "shape": 7,
          "type": "FREEINITARGS",
          "link": null
        },
        {
          "name": "steps",
          "type": "INT",
          "widget": {
            "name": "steps"
          },
          "link": 164
        },
        {
          "name": "start_step",
          "shape": 7,
          "type": "INT",
          "widget": {
            "name": "start_step"
          },
          "link": 154
        }
      ],
      "outputs": [
        {
          "name": "samples",
          "type": "LATENT",
          "slot_index": 0,
          "links": [
            151
          ]
        },
        {
          "name": "denoised_samples",
          "type": "LATENT",
          "links": null
        }
      ],
      "properties": {
        "cnr_id": "ComfyUI-WanVideoWrapper",
        "ver": "998a69cc0acbec503001b8b0ce0a5d5404420e1e",
        "Node name for S&R": "WanVideoSampler"
      },
      "widgets_values": [
        6,
        1,
        8,
        43,
        "fixed",
        true,
        "dpm++_sde",
        0,
        1,
        false,
        "comfy",
        10,
        -1,
        ""
      ]
    },
    {
      "id": 94,
      "type": "INTConstant",
      "pos": [
        1335.221023501869,
        -58.95343735705565
      ],
      "size": [
        210,
        58
      ],
      "flags": {},
      "order": 3,
      "mode": 0,
      "inputs": [],
      "outputs": [
        {
          "name": "value",
          "type": "INT",
          "links": [
            163,
            164,
            165
          ]
        }
      ],
      "title": "Steps",
      "properties": {
        "cnr_id": "comfyui-kjnodes",
        "ver": "a6b867b63a29ca48ddb15c589e17a9f2d8530d57",
        "Node name for S&R": "INTConstant"
      },
      "widgets_values": [
        6
      ],
      "color": "#1b4669",
      "bgcolor": "#29699c"
    },
    {
      "id": 95,
      "type": "CreateCFGScheduleFloatList",
      "pos": [
        1345.040603579994,
        62.66426512707525
      ],
      "size": [
        298.3199157714844,
        228
      ],
      "flags": {},
      "order": 20,
      "mode": 0,
      "inputs": [
        {
          "name": "steps",
          "type": "INT",
          "widget": {
            "name": "steps"
          },
          "link": 165
        }
      ],
      "outputs": [
        {
          "name": "float_list",
          "type": "FLOAT",
          "links": [
            167
          ]
        }
      ],
      "properties": {
        "cnr_id": "ComfyUI-WanVideoWrapper",
        "ver": "7e290c67bff1f906cdab84523018573f6c9d4d7f",
        "Node name for S&R": "CreateCFGScheduleFloatList"
      },
      "widgets_values": [
        30,
        2,
        2,
        "linear",
        0,
        0.01
      ]
    },
    {
      "id": 97,
      "type": "WanVideoLoraSelect",
      "pos": [
        -1842.9675334846097,
        -693.0195517492856
      ],
      "size": [
        624.4888305664062,
        150
      ],
      "flags": {},
      "order": 4,
      "mode": 0,
      "inputs": [
        {
          "name": "prev_lora",
          "shape": 7,
          "type": "WANVIDLORA",
          "link": null
        },
        {
          "name": "blocks",
          "shape": 7,
          "type": "SELECTEDBLOCKS",
          "link": null
        }
      ],
      "outputs": [
        {
          "name": "lora",
          "type": "WANVIDLORA",
          "links": [
            169
          ]
        }
      ],
      "properties": {
        "cnr_id": "ComfyUI-WanVideoWrapper",
        "ver": "998a69cc0acbec503001b8b0ce0a5d5404420e1e",
        "Node name for S&R": "WanVideoLoraSelect"
      },
      "widgets_values": [
        "WanVideo\\Lightx2v\\lightx2v_I2V_14B_480p_cfg_step_distill_rank64_bf16.safetensors",
        1,
        false,
        false
      ],
      "color": "#223",
      "bgcolor": "#335"
    },
    {
      "id": 56,
      "type": "WanVideoLoraSelect",
      "pos": [
        -1890.5139202033597,
        -922.0322775793636
      ],
      "size": [
        659.4812622070312,
        150
      ],
      "flags": {},
      "order": 5,
      "mode": 0,
      "inputs": [
        {
          "name": "prev_lora",
          "shape": 7,
          "type": "WANVIDLORA",
          "link": null
        },
        {
          "name": "blocks",
          "shape": 7,
          "type": "SELECTEDBLOCKS",
          "link": null
        }
      ],
      "outputs": [
        {
          "name": "lora",
          "type": "WANVIDLORA",
          "links": [
            110
          ]
        }
      ],
      "properties": {
        "cnr_id": "ComfyUI-WanVideoWrapper",
        "ver": "998a69cc0acbec503001b8b0ce0a5d5404420e1e",
        "Node name for S&R": "WanVideoLoraSelect"
      },
      "widgets_values": [
        "WanVideo\\Lightx2v\\lightx2v_I2V_14B_480p_cfg_step_distill_rank64_bf16.safetensors",
        3,
        false,
        false
      ],
      "color": "#223",
      "bgcolor": "#335"
    },
    {
      "id": 39,
      "type": "WanVideoBlockSwap",
      "pos": [
        -608.2115520392977,
        -967.1075339270199
      ],
      "size": [
        315,
        202
      ],
      "flags": {},
      "order": 6,
      "mode": 0,
      "inputs": [],
      "outputs": [
        {
          "name": "block_swap_args",
          "type": "BLOCKSWAPARGS",
          "slot_index": 0,
          "links": [
            156,
            159
          ]
        }
      ],
      "properties": {
        "cnr_id": "ComfyUI-WanVideoWrapper",
        "ver": "998a69cc0acbec503001b8b0ce0a5d5404420e1e",
        "Node name for S&R": "WanVideoBlockSwap"
      },
      "widgets_values": [
        20,
        false,
        false,
        false,
        1,
        0,
        false
      ],
      "color": "#223",
      "bgcolor": "#335"
    },
    {
      "id": 100,
      "type": "VHS_LoadVideo",
      "pos": [
        -836.8408862921857,
        862.3020748428399
      ],
      "size": [
        247.455078125,
        475.30271716685024
      ],
      "flags": {},
      "order": 7,
      "mode": 0,
      "inputs": [
        {
          "name": "meta_batch",
          "shape": 7,
          "type": "VHS_BatchManager",
          "link": null
        },
        {
          "name": "vae",
          "shape": 7,
          "type": "VAE",
          "link": null
        }
      ],
      "outputs": [
        {
          "name": "IMAGE",
          "type": "IMAGE",
          "slot_index": 0,
          "links": [
            175
          ]
        },
        {
          "name": "frame_count",
          "type": "INT",
          "slot_index": 1,
          "links": []
        },
        {
          "name": "audio",
          "type": "AUDIO",
          "links": null
        },
        {
          "name": "video_info",
          "type": "VHS_VIDEOINFO",
          "links": null
        }
      ],
      "properties": {
        "cnr_id": "comfyui-videohelpersuite",
        "ver": "8550981384301e9bc5bfea83e5c2c75258102593",
        "Node name for S&R": "VHS_LoadVideo"
      },
      "widgets_values": {
        "video": "mask.mp4",
        "force_rate": 0,
        "custom_width": 0,
        "custom_height": 0,
        "frame_load_cap": 0,
        "skip_first_frames": 0,
        "select_every_nth": 1,
        "format": "AnimateDiff",
        "choose video to upload": "image",
        "videopreview": {
          "hidden": false,
          "paused": false,
          "params": {
            "filename": "mask.mp4",
            "type": "input",
            "format": "video/mp4",
            "force_rate": 0,
            "custom_width": 0,
            "custom_height": 0,
            "frame_load_cap": 0,
            "skip_first_frames": 0,
            "select_every_nth": 1
          }
        }
      }
    },
    {
      "id": 101,
      "type": "ImageToMask",
      "pos": [
        -164.521238640468,
        862.6623927903657
      ],
      "size": [
        270,
        58
      ],
      "flags": {},
      "order": 32,
      "mode": 0,
      "inputs": [
        {
          "name": "image",
          "type": "IMAGE",
          "link": 174
        }
      ],
      "outputs": [
        {
          "name": "MASK",
          "type": "MASK",
          "links": [
            180
          ]
        }
      ],
      "properties": {
        "cnr_id": "comfy-core",
        "ver": "0.3.68",
        "Node name for S&R": "ImageToMask"
      },
      "widgets_values": [
        "red"
      ]
    },
    {
      "id": 103,
      "type": "ImageResizeKJv2",
      "pos": [
        -484.69061019820185,
        821.762994288401
      ],
      "size": [
        270,
        336
      ],
      "flags": {},
      "order": 31,
      "mode": 0,
      "inputs": [
        {
          "name": "image",
          "type": "IMAGE",
          "link": 175
        },
        {
          "name": "mask",
          "shape": 7,
          "type": "MASK",
          "link": null
        },
        {
          "name": "width",
          "type": "INT",
          "widget": {
            "name": "width"
          },
          "link": 176
        },
        {
          "name": "height",
          "type": "INT",
          "widget": {
            "name": "height"
          },
          "link": 177
        }
      ],
      "outputs": [
        {
          "name": "IMAGE",
          "type": "IMAGE",
          "links": [
            174
          ]
        },
        {
          "name": "width",
          "type": "INT",
          "links": null
        },
        {
          "name": "height",
          "type": "INT",
          "links": null
        },
        {
          "name": "mask",
          "type": "MASK",
          "links": null
        }
      ],
      "properties": {
        "cnr_id": "comfyui-kjnodes",
        "ver": "c661baadd9683c0033cd2a6ad90157c6d099a6c2",
        "Node name for S&R": "ImageResizeKJv2"
      },
      "widgets_values": [
        832,
        480,
        "nearest-exact",
        "stretch",
        "0, 0, 0",
        "center",
        16,
        "cpu"
      ]
    },
    {
      "id": 79,
      "type": "WanVideoSetLoRAs",
      "pos": [
        -155.42822684398504,
        -657.0703177404965
      ],
      "size": [
        222.27981567382812,
        46
      ],
      "flags": {},
      "order": 29,
      "mode": 0,
      "inputs": [
        {
          "name": "model",
          "type": "WANVIDEOMODEL",
          "link": 161
        },
        {
          "name": "lora",
          "shape": 7,
          "type": "WANVIDLORA",
          "link": 169
        }
      ],
      "outputs": [
        {
          "name": "model",
          "type": "WANVIDEOMODEL",
          "links": [
            144
          ]
        }
      ],
      "properties": {
        "cnr_id": "ComfyUI-WanVideoWrapper",
        "ver": "998a69cc0acbec503001b8b0ce0a5d5404420e1e",
        "Node name for S&R": "WanVideoSetLoRAs"
      },
      "widgets_values": [],
      "color": "#223",
      "bgcolor": "#335"
    },
    {
      "id": 67,
      "type": "LoadImage",
      "pos": [
        -928.0059912521034,
        -218.825963219301
      ],
      "size": [
        274.080078125,
        314
      ],
      "flags": {},
      "order": 8,
      "mode": 0,
      "inputs": [],
      "outputs": [
        {
          "name": "IMAGE",
          "type": "IMAGE",
          "links": [
            71
          ]
        },
        {
          "name": "MASK",
          "type": "MASK",
          "links": null
        }
      ],
      "properties": {
        "cnr_id": "comfy-core",
        "ver": "0.3.44",
        "Node name for S&R": "LoadImage"
      },
      "widgets_values": [
        "pasted/image (1032).png",
        "image"
      ]
    },
    {
      "id": 68,
      "type": "ImageResizeKJv2",
      "pos": [
        -423.7206868145379,
        -244.05054906844575
      ],
      "size": [
        270,
        336
      ],
      "flags": {},
      "order": 21,
      "mode": 0,
      "inputs": [
        {
          "name": "image",
          "type": "IMAGE",
          "link": 71
        },
        {
          "name": "mask",
          "shape": 7,
          "type": "MASK",
          "link": null
        }
      ],
      "outputs": [
        {
          "name": "IMAGE",
          "type": "IMAGE",
          "links": [
            139
          ]
        },
        {
          "name": "width",
          "type": "INT",
          "links": [
            141,
            184
          ]
        },
        {
          "name": "height",
          "type": "INT",
          "links": [
            142,
            185
          ]
        },
        {
          "name": "mask",
          "type": "MASK",
          "links": null
        }
      ],
      "properties": {
        "cnr_id": "comfyui-kjnodes",
        "ver": "a6b867b63a29ca48ddb15c589e17a9f2d8530d57",
        "Node name for S&R": "ImageResizeKJv2"
      },
      "widgets_values": [
        832,
        480,
        "lanczos",
        "crop",
        "0, 0, 0",
        "center",
        32,
        "cpu"
      ]
    },
    {
      "id": 102,
      "type": "VHS_LoadVideo",
      "pos": [
        -820.0827064798656,
        302.82528359250665
      ],
      "size": [
        247.455078125,
        475.30271716685024
      ],
      "flags": {},
      "order": 9,
      "mode": 0,
      "inputs": [
        {
          "name": "meta_batch",
          "shape": 7,
          "type": "VHS_BatchManager",
          "link": null
        },
        {
          "name": "vae",
          "shape": 7,
          "type": "VAE",
          "link": null
        }
      ],
      "outputs": [
        {
          "name": "IMAGE",
          "type": "IMAGE",
          "slot_index": 0,
          "links": [
            181
          ]
        },
        {
          "name": "frame_count",
          "type": "INT",
          "slot_index": 1,
          "links": [
            186
          ]
        },
        {
          "name": "audio",
          "type": "AUDIO",
          "links": null
        },
        {
          "name": "video_info",
          "type": "VHS_VIDEOINFO",
          "links": null
        }
      ],
      "properties": {
        "cnr_id": "comfyui-videohelpersuite",
        "ver": "8550981384301e9bc5bfea83e5c2c75258102593",
        "Node name for S&R": "VHS_LoadVideo"
      },
      "widgets_values": {
        "video": "motion_signal.mp4",
        "force_rate": 0,
        "custom_width": 0,
        "custom_height": 0,
        "frame_load_cap": 0,
        "skip_first_frames": 0,
        "select_every_nth": 1,
        "format": "AnimateDiff",
        "choose video to upload": "image",
        "videopreview": {
          "hidden": false,
          "paused": false,
          "params": {
            "filename": "motion_signal.mp4",
            "type": "input",
            "format": "video/mp4",
            "force_rate": 0,
            "custom_width": 0,
            "custom_height": 0,
            "frame_load_cap": 0,
            "skip_first_frames": 0,
            "select_every_nth": 1
          }
        }
      }
    },
    {
      "id": 38,
      "type": "WanVideoVAELoader",
      "pos": [
        -570.3514289916412,
        -554.285590477285
      ],
      "size": [
        315,
        82
      ],
      "flags": {},
      "order": 10,
      "mode": 0,
      "inputs": [
        {
          "name": "compile_args",
          "shape": 7,
          "type": "WANCOMPILEARGS",
          "link": null
        }
      ],
      "outputs": [
        {
          "name": "vae",
          "type": "WANVAE",
          "slot_index": 0,
          "links": [
            190
          ]
        }
      ],
      "properties": {
        "cnr_id": "ComfyUI-WanVideoWrapper",
        "ver": "998a69cc0acbec503001b8b0ce0a5d5404420e1e",
        "Node name for S&R": "WanVideoVAELoader"
      },
      "widgets_values": [
        "wanvideo\\Wan2_1_VAE_bf16.safetensors",
        "bf16"
      ],
      "color": "#322",
      "bgcolor": "#533"
    },
    {
      "id": 99,
      "type": "WanVideoEncode",
      "pos": [
        -166.77341757189015,
        512.8544514060544
      ],
      "size": [
        270,
        242
      ],
      "flags": {},
      "order": 30,
      "mode": 0,
      "inputs": [
        {
          "name": "vae",
          "type": "WANVAE",
          "link": 192
        },
        {
          "name": "image",
          "type": "IMAGE",
          "link": 173
        },
        {
          "name": "mask",
          "shape": 7,
          "type": "MASK",
          "link": null
        }
      ],
      "outputs": [
        {
          "name": "samples",
          "type": "LATENT",
          "links": [
            179
          ]
        }
      ],
      "properties": {
        "cnr_id": "ComfyUI-WanVideoWrapper",
        "ver": "e3c2a1431bcb7f0b9fd11a40d732d16ac117578a",
        "Node name for S&R": "WanVideoEncode"
      },
      "widgets_values": [
        false,
        272,
        272,
        144,
        128,
        0,
        1
      ]
    },
    {
      "id": 109,
      "type": "GetNode",
      "pos": [
        -150.56161340866967,
        460.8531343058346
      ],
      "size": [
        210,
        34
      ],
      "flags": {
        "collapsed": true
      },
      "order": 11,
      "mode": 0,
      "inputs": [],
      "outputs": [
        {
          "name": "WANVAE",
          "type": "WANVAE",
          "links": [
            192
          ]
        }
      ],
      "title": "Get_VAE",
      "properties": {},
      "widgets_values": [
        "VAE"
      ],
      "color": "#322",
      "bgcolor": "#533"
    },
    {
      "id": 107,
      "type": "SetNode",
      "pos": [
        -151.6679230050972,
        -447.66271582147357
      ],
      "size": [
        210,
        60
      ],
      "flags": {
        "collapsed": true
      },
      "order": 22,
      "mode": 0,
      "inputs": [
        {
          "name": "WANVAE",
          "type": "WANVAE",
          "link": 190
        }
      ],
      "outputs": [
        {
          "name": "WANVAE",
          "type": "WANVAE",
          "links": [
            194
          ]
        }
      ],
      "title": "Set_VAE",
      "properties": {
        "previousName": "VAE"
      },
      "widgets_values": [
        "VAE"
      ],
      "color": "#322",
      "bgcolor": "#533"
    },
    {
      "id": 106,
      "type": "WanVideoTextEncodeCached",
      "pos": [
        1227.2764360205952,
        -1083.062780404299
      ],
      "size": [
        566.4808633870302,
        472.44472370929736
      ],
      "flags": {},
      "order": 12,
      "mode": 0,
      "inputs": [
        {
          "name": "extender_args",
          "shape": 7,
          "type": "WANVIDEOPROMPTEXTENDER_ARGS",
          "link": null
        }
      ],
      "outputs": [
        {
          "name": "text_embeds",
          "type": "WANVIDEOTEXTEMBEDS",
          "links": [
            182,
            183
          ]
        },
        {
          "name": "negative_text_embeds",
          "type": "WANVIDEOTEXTEMBEDS",
          "links": null
        },
        {
          "name": "positive_prompt",
          "type": "STRING",
          "links": null
        }
      ],
      "properties": {
        "cnr_id": "ComfyUI-WanVideoWrapper",
        "ver": "e3c2a1431bcb7f0b9fd11a40d732d16ac117578a",
        "Node name for S&R": "WanVideoTextEncodeCached"
      },
      "widgets_values": [
        "umt5-xxl-enc-bf16.safetensors",
        "bf16",
        "A lively monkey energetically bounces on a neatly made bed, its limbs splayed in mid-air. As the monkey lands, the bed creases slightly under its weight, and it quickly prepares for another joyful leap, its eyes wide with excitement and mischief.",
        "色调艳丽，过曝，静态，细节模糊不清，字幕，风格，作品，画作，画面，静止，整体发灰，最差质量，低质量，JPEG压缩残留，丑陋的，残缺的，多余的手指，画得不好的手部，画得不好的脸部，畸形的，毁容的，形态畸形的肢体，手指融合，静止不动的画面，杂乱的背景，三条腿，背景人很多，倒着走",
        "disabled",
        true,
        "gpu"
      ],
      "color": "#332922",
      "bgcolor": "#593930"
    },
    {
      "id": 89,
      "type": "WanVideoImageToVideoEncode",
      "pos": [
        168.66582761371652,
        -264.4924728022951
      ],
      "size": [
        308.2320251464844,
        390
      ],
      "flags": {},
      "order": 27,
      "mode": 0,
      "inputs": [
        {
          "name": "vae",
          "shape": 7,
          "type": "WANVAE",
          "link": 194
        },
        {
          "name": "clip_embeds",
          "shape": 7,
          "type": "WANVIDIMAGE_CLIPEMBEDS",
          "link": null
        },
        {
          "name": "start_image",
          "shape": 7,
          "type": "IMAGE",
          "link": 139
        },
        {
          "name": "end_image",
          "shape": 7,
          "type": "IMAGE",
          "link": null
        },
        {
          "name": "control_embeds",
          "shape": 7,
          "type": "WANVIDIMAGE_EMBEDS",
          "link": null
        },
        {
          "name": "temporal_mask",
          "shape": 7,
          "type": "MASK",
          "link": null
        },
        {
          "name": "extra_latents",
          "shape": 7,
          "type": "LATENT",
          "link": null
        },
        {
          "name": "add_cond_latents",
          "shape": 7,
          "type": "ADD_COND_LATENTS",
          "link": null
        },
        {
          "name": "width",
          "type": "INT",
          "widget": {
            "name": "width"
          },
          "link": 141
        },
        {
          "name": "height",
          "type": "INT",
          "widget": {
            "name": "height"
          },
          "link": 142
        },
        {
          "name": "num_frames",
          "type": "INT",
          "widget": {
            "name": "num_frames"
          },
          "link": 186
        }
      ],
      "outputs": [
        {
          "name": "image_embeds",
          "type": "WANVIDIMAGE_EMBEDS",
          "links": [
            187
          ]
        }
      ],
      "properties": {
        "cnr_id": "ComfyUI-WanVideoWrapper",
        "ver": "7e290c67bff1f906cdab84523018573f6c9d4d7f",
        "Node name for S&R": "WanVideoImageToVideoEncode"
      },
      "widgets_values": [
        832,
        480,
        81,
        0,
        1,
        1,
        true,
        true,
        false
      ],
      "color": "#322",
      "bgcolor": "#533"
    },
    {
      "id": 28,
      "type": "WanVideoDecode",
      "pos": [
        2620.946533203125,
        -519.3373413085938
      ],
      "size": [
        315,
        198
      ],
      "flags": {},
      "order": 37,
      "mode": 0,
      "inputs": [
        {
          "name": "vae",
          "type": "WANVAE",
          "link": 191
        },
        {
          "name": "samples",
          "type": "LATENT",
          "link": 151
        }
      ],
      "outputs": [
        {
          "name": "images",
          "type": "IMAGE",
          "slot_index": 0,
          "links": [
            76
          ]
        }
      ],
      "properties": {
        "cnr_id": "ComfyUI-WanVideoWrapper",
        "ver": "998a69cc0acbec503001b8b0ce0a5d5404420e1e",
        "Node name for S&R": "WanVideoDecode"
      },
      "widgets_values": [
        false,
        272,
        272,
        144,
        128,
        "default"
      ],
      "color": "#322",
      "bgcolor": "#533"
    },
    {
      "id": 111,
      "type": "WanVideoDecode",
      "pos": [
        2164.6112303710383,
        552.1053301721322
      ],
      "size": [
        315,
        198
      ],
      "flags": {},
      "order": 36,
      "mode": 0,
      "inputs": [
        {
          "name": "vae",
          "type": "WANVAE",
          "link": 196
        },
        {
          "name": "samples",
          "type": "LATENT",
          "link": 202
        }
      ],
      "outputs": [
        {
          "name": "images",
          "type": "IMAGE",
          "slot_index": 0,
          "links": [
            199
          ]
        }
      ],
      "properties": {
        "cnr_id": "ComfyUI-WanVideoWrapper",
        "ver": "998a69cc0acbec503001b8b0ce0a5d5404420e1e",
        "Node name for S&R": "WanVideoDecode"
      },
      "widgets_values": [
        false,
        272,
        272,
        144,
        128,
        "default"
      ],
      "color": "#322",
      "bgcolor": "#533"
    },
    {
      "id": 91,
      "type": "INTConstant",
      "pos": [
        1403.9793602296568,
        377.4812413297307
      ],
      "size": [
        210,
        58
      ],
      "flags": {},
      "order": 13,
      "mode": 0,
      "inputs": [],
      "outputs": [
        {
          "name": "value",
          "type": "INT",
          "links": [
            153,
            154
          ]
        }
      ],
      "title": "Split_step",
      "properties": {
        "cnr_id": "comfyui-kjnodes",
        "ver": "a6b867b63a29ca48ddb15c589e17a9f2d8530d57",
        "Node name for S&R": "INTConstant"
      },
      "widgets_values": [
        3
      ],
      "color": "#1b4669",
      "bgcolor": "#29699c"
    },
    {
      "id": 112,
      "type": "VHS_VideoCombine",
      "pos": [
        2566.939923073114,
        585.7978253743554
      ],
      "size": [
        698.6392211914062,
        739.5226276104268
      ],
      "flags": {},
      "order": 38,
      "mode": 0,
      "inputs": [
        {
          "name": "images",
          "type": "IMAGE",
          "link": 199
        },
        {
          "name": "audio",
          "shape": 7,
          "type": "AUDIO",
          "link": null
        },
        {
          "name": "meta_batch",
          "shape": 7,
          "type": "VHS_BatchManager",
          "link": null
        },
        {
          "name": "vae",
          "shape": 7,
          "type": "VAE",
          "link": null
        }
      ],
      "outputs": [
        {
          "name": "Filenames",
          "type": "VHS_FILENAMES",
          "links": null
        }
      ],
      "properties": {
        "cnr_id": "comfyui-videohelpersuite",
        "ver": "0a75c7958fe320efcb052f1d9f8451fd20c730a8",
        "Node name for S&R": "VHS_VideoCombine"
      },
      "widgets_values": {
        "frame_rate": 16,
        "loop_count": 0,
        "filename_prefix": "WanVideo2_2_I2V",
        "format": "video/h264-mp4",
        "pix_fmt": "yuv420p",
        "crf": 19,
        "save_metadata": true,
        "trim_to_audio": false,
        "pingpong": false,
        "save_output": false,
        "videopreview": {
          "hidden": false,
          "paused": false,
          "params": {
            "filename": "WanVideo2_2_I2V_00027.mp4",
            "subfolder": "",
            "type": "temp",
            "format": "video/h264-mp4",
            "frame_rate": 16,
            "workflow": "WanVideo2_2_I2V_00027.png",
            "fullpath": "N:\\AI\\ComfyUI\\temp\\WanVideo2_2_I2V_00027.mp4"
          }
        }
      }
    },
    {
      "id": 27,
      "type": "WanVideoSampler",
      "pos": [
        1722.4022979159315,
        -376.4688029576415
      ],
      "size": [
        315,
        874.1923076923076
      ],
      "flags": {},
      "order": 34,
      "mode": 0,
      "inputs": [
        {
          "name": "model",
          "type": "WANVIDEOMODEL",
          "link": 109
        },
        {
          "name": "image_embeds",
          "type": "WANVIDIMAGE_EMBEDS",
          "link": 188
        },
        {
          "name": "text_embeds",
          "shape": 7,
          "type": "WANVIDEOTEXTEMBEDS",
          "link": 182
        },
        {
          "name": "samples",
          "shape": 7,
          "type": "LATENT",
          "link": null
        },
        {
          "name": "feta_args",
          "shape": 7,
          "type": "FETAARGS",
          "link": null
        },
        {
          "name": "context_options",
          "shape": 7,
          "type": "WANVIDCONTEXT",
          "link": null
        },
        {
          "name": "cache_args",
          "shape": 7,
          "type": "CACHEARGS",
          "link": null
        },
        {
          "name": "flowedit_args",
          "shape": 7,
          "type": "FLOWEDITARGS",
          "link": null
        },
        {
          "name": "slg_args",
          "shape": 7,
          "type": "SLGARGS",
          "link": null
        },
        {
          "name": "loop_args",
          "shape": 7,
          "type": "LOOPARGS",
          "link": null
        },
        {
          "name": "experimental_args",
          "shape": 7,
          "type": "EXPERIMENTALARGS",
          "link": null
        },
        {
          "name": "sigmas",
          "shape": 7,
          "type": "SIGMAS",
          "link": null
        },
        {
          "name": "unianimate_poses",
          "shape": 7,
          "type": "UNIANIMATE_POSE",
          "link": null
        },
        {
          "name": "fantasytalking_embeds",
          "shape": 7,
          "type": "FANTASYTALKING_EMBEDS",
          "link": null
        },
        {
          "name": "uni3c_embeds",
          "shape": 7,
          "type": "UNI3C_EMBEDS",
          "link": null
        },
        {
          "name": "multitalk_embeds",
          "shape": 7,
          "type": "MULTITALK_EMBEDS",
          "link": null
        },
        {
          "name": "freeinit_args",
          "shape": 7,
          "type": "FREEINITARGS",
          "link": null
        },
        {
          "name": "steps",
          "type": "INT",
          "widget": {
            "name": "steps"
          },
          "link": 163
        },
        {
          "name": "cfg",
          "type": "FLOAT",
          "widget": {
            "name": "cfg"
          },
          "link": 167
        },
        {
          "name": "end_step",
          "shape": 7,
          "type": "INT",
          "widget": {
            "name": "end_step"
          },
          "link": 153
        }
      ],
      "outputs": [
        {
          "name": "samples",
          "type": "LATENT",
          "slot_index": 0,
          "links": [
            143
          ]
        },
        {
          "name": "denoised_samples",
          "type": "LATENT",
          "links": [
            202
          ]
        }
      ],
      "properties": {
        "cnr_id": "ComfyUI-WanVideoWrapper",
        "ver": "998a69cc0acbec503001b8b0ce0a5d5404420e1e",
        "Node name for S&R": "WanVideoSampler"
      },
      "widgets_values": [
        6,
        1,
        8,
        43,
        "fixed",
        true,
        "dpm++_sde",
        0,
        1,
        false,
        "comfy",
        0,
        10,
        ""
      ]
    },
    {
      "id": 69,
      "type": "GetImageSizeAndCount",
      "pos": [
        2725.78076171875,
        -249.85873413085938
      ],
      "size": [
        240.41265869140625,
        86
      ],
      "flags": {},
      "order": 39,
      "mode": 0,
      "inputs": [
        {
          "name": "image",
          "type": "IMAGE",
          "link": 76
        }
      ],
      "outputs": [
        {
          "name": "image",
          "type": "IMAGE",
          "links": [
            203
          ]
        },
        {
          "label": "832 width",
          "name": "width",
          "type": "INT",
          "links": null
        },
        {
          "label": "480 height",
          "name": "height",
          "type": "INT",
          "links": null
        },
        {
          "label": "81 count",
          "name": "count",
          "type": "INT",
          "links": null
        }
      ],
      "properties": {
        "cnr_id": "comfyui-kjnodes",
        "ver": "a6b867b63a29ca48ddb15c589e17a9f2d8530d57",
        "Node name for S&R": "GetImageSizeAndCount"
      },
      "widgets_values": []
    },
    {
      "id": 105,
      "type": "ImageResizeKJv2",
      "pos": [
        -500.7259506579953,
        401.8670881815395
      ],
      "size": [
        270,
        336
      ],
      "flags": {},
      "order": 26,
      "mode": 0,
      "inputs": [
        {
          "name": "image",
          "type": "IMAGE",
          "link": 181
        },
        {
          "name": "mask",
          "shape": 7,
          "type": "MASK",
          "link": null
        },
        {
          "name": "width",
          "type": "INT",
          "widget": {
            "name": "width"
          },
          "link": 184
        },
        {
          "name": "height",
          "type": "INT",
          "widget": {
            "name": "height"
          },
          "link": 185
        }
      ],
      "outputs": [
        {
          "name": "IMAGE",
          "type": "IMAGE",
          "links": [
            173,
            204
          ]
        },
        {
          "name": "width",
          "type": "INT",
          "links": [
            176
          ]
        },
        {
          "name": "height",
          "type": "INT",
          "links": [
            177
          ]
        },
        {
          "name": "mask",
          "type": "MASK",
          "links": null
        }
      ],
      "properties": {
        "cnr_id": "comfyui-kjnodes",
        "ver": "c661baadd9683c0033cd2a6ad90157c6d099a6c2",
        "Node name for S&R": "ImageResizeKJv2"
      },
      "widgets_values": [
        832,
        480,
        "bilinear",
        "crop",
        "0, 0, 0",
        "center",
        16,
        "cpu"
      ]
    },
    {
      "id": 113,
      "type": "ImageConcatMulti",
      "pos": [
        2836.42171836347,
        54.09834610390419
      ],
      "size": [
        270,
        150
      ],
      "flags": {},
      "order": 40,
      "mode": 0,
      "inputs": [
        {
          "name": "image_1",
          "type": "IMAGE",
          "link": 203
        },
        {
          "name": "image_2",
          "shape": 7,
          "type": "IMAGE",
          "link": 204
        }
      ],
      "outputs": [
        {
          "name": "images",
          "type": "IMAGE",
          "links": [
            205
          ]
        }
      ],
      "properties": {
        "cnr_id": "comfyui-kjnodes",
        "ver": "c661baadd9683c0033cd2a6ad90157c6d099a6c2"
      },
      "widgets_values": [
        2,
        "left",
        false,
        null
      ]
    },
    {
      "id": 60,
      "type": "VHS_VideoCombine",
      "pos": [
        3150,
        -390
      ],
      "size": [
        698.6392211914062,
        543.7613138052134
      ],
      "flags": {},
      "order": 41,
      "mode": 0,
      "inputs": [
        {
          "name": "images",
          "type": "IMAGE",
          "link": 205
        },
        {
          "name": "audio",
          "shape": 7,
          "type": "AUDIO",
          "link": null
        },
        {
          "name": "meta_batch",
          "shape": 7,
          "type": "VHS_BatchManager",
          "link": null
        },
        {
          "name": "vae",
          "shape": 7,
          "type": "VAE",
          "link": null
        }
      ],
      "outputs": [
        {
          "name": "Filenames",
          "type": "VHS_FILENAMES",
          "links": null
        }
      ],
      "properties": {
        "cnr_id": "comfyui-videohelpersuite",
        "ver": "0a75c7958fe320efcb052f1d9f8451fd20c730a8",
        "Node name for S&R": "VHS_VideoCombine"
      },
      "widgets_values": {
        "frame_rate": 16,
        "loop_count": 0,
        "filename_prefix": "WanVideo2_2_I2V",
        "format": "video/h264-mp4",
        "pix_fmt": "yuv420p",
        "crf": 19,
        "save_metadata": true,
        "trim_to_audio": false,
        "pingpong": false,
        "save_output": false,
        "videopreview": {
          "hidden": false,
          "paused": false,
          "params": {
            "filename": "WanVideo2_2_I2V_00028.mp4",
            "subfolder": "",
            "type": "temp",
            "format": "video/h264-mp4",
            "frame_rate": 16,
            "workflow": "WanVideo2_2_I2V_00028.png",
            "fullpath": "N:\\AI\\ComfyUI\\temp\\WanVideo2_2_I2V_00028.mp4"
          }
        }
      }
    },
    {
      "id": 108,
      "type": "GetNode",
      "pos": [
        2181.1986469928106,
        -494.78577566217825
      ],
      "size": [
        210,
        60
      ],
      "flags": {
        "collapsed": true
      },
      "order": 14,
      "mode": 0,
      "inputs": [],
      "outputs": [
        {
          "name": "WANVAE",
          "type": "WANVAE",
          "links": [
            191,
            196
          ]
        }
      ],
      "title": "Get_VAE",
      "properties": {},
      "widgets_values": [
        "VAE"
      ],
      "color": "#322",
      "bgcolor": "#533"
    },
    {
      "id": 114,
      "type": "MarkdownNote",
      "pos": [
        -1350.5631030270847,
        693.6535586130096
      ],
      "size": [
        442.1938033196767,
        125.9769958777971
      ],
      "flags": {},
      "order": 15,
      "mode": 0,
      "inputs": [],
      "outputs": [],
      "title": "Test inputs",
      "properties": {},
      "widgets_values": [
        "[https://github.com/time-to-move/TTM/tree/main/examples/cutdrag_wan_Monkey](https://github.com/time-to-move/TTM/tree/main/examples/cutdrag_wan_Monkey)"
      ],
      "color": "#432",
      "bgcolor": "#653"
    },
    {
      "id": 104,
      "type": "WanVideoAddTTMLatents",
      "pos": [
        293.14999867896614,
        567.6642480363289
      ],
      "size": [
        279.7734375,
        122
      ],
      "flags": {},
      "order": 33,
      "mode": 0,
      "inputs": [
        {
          "name": "embeds",
          "type": "WANVIDIMAGE_EMBEDS",
          "link": 187
        },
        {
          "name": "reference_latents",
          "type": "LATENT",
          "link": 179
        },
        {
          "name": "mask",
          "type": "MASK",
          "link": 180
        }
      ],
      "outputs": [
        {
          "name": "image_embeds",
          "type": "WANVIDIMAGE_EMBEDS",
          "links": [
            188,
            200
          ]
        }
      ],
      "properties": {
        "cnr_id": "ComfyUI-WanVideoWrapper",
        "ver": "e3c2a1431bcb7f0b9fd11a40d732d16ac117578a",
        "Node name for S&R": "WanVideoAddTTMLatents"
      },
      "widgets_values": [
        1,
        3
      ]
    }
  ],
  "links": [
    [
      52,
      48,
      0,
      49,
      0,
      "CLIP"
    ],
    [
      53,
      48,
      0,
      50,
      0,
      "CLIP"
    ],
    [
      54,
      49,
      0,
      46,
      0,
      "CONDITIONING"
    ],
    [
      55,
      50,
      0,
      46,
      1,
      "CONDITIONING"
    ],
    [
      71,
      67,
      0,
      68,
      0,
      "IMAGE"
    ],
    [
      76,
      28,
      0,
      69,
      0,
      "IMAGE"
    ],
    [
      109,
      80,
      0,
      27,
      0,
      "WANVIDEOMODEL"
    ],
    [
      110,
      56,
      0,
      80,
      1,
      "WANVIDLORA"
    ],
    [
      111,
      35,
      0,
      22,
      0,
      "WANCOMPILEARGS"
    ],
    [
      112,
      35,
      0,
      71,
      0,
      "WANCOMPILEARGS"
    ],
    [
      139,
      68,
      0,
      89,
      2,
      "IMAGE"
    ],
    [
      141,
      68,
      1,
      89,
      8,
      "INT"
    ],
    [
      142,
      68,
      2,
      89,
      9,
      "INT"
    ],
    [
      143,
      27,
      0,
      90,
      3,
      "LATENT"
    ],
    [
      144,
      79,
      0,
      90,
      0,
      "WANVIDEOMODEL"
    ],
    [
      151,
      90,
      0,
      28,
      1,
      "LATENT"
    ],
    [
      153,
      91,
      0,
      27,
      19,
      "INT"
    ],
    [
      154,
      91,
      0,
      90,
      18,
      "INT"
    ],
    [
      155,
      22,
      0,
      92,
      0,
      "WANVIDEOMODEL"
    ],
    [
      156,
      39,
      0,
      92,
      1,
      "BLOCKSWAPARGS"
    ],
    [
      157,
      92,
      0,
      80,
      0,
      "WANVIDEOMODEL"
    ],
    [
      159,
      39,
      0,
      93,
      1,
      "BLOCKSWAPARGS"
    ],
    [
      160,
      71,
      0,
      93,
      0,
      "WANVIDEOMODEL"
    ],
    [
      161,
      93,
      0,
      79,
      0,
      "WANVIDEOMODEL"
    ],
    [
      163,
      94,
      0,
      27,
      17,
      "INT"
    ],
    [
      164,
      94,
      0,
      90,
      17,
      "INT"
    ],
    [
      165,
      94,
      0,
      95,
      0,
      "INT"
    ],
    [
      167,
      95,
      0,
      27,
      18,
      "FLOAT"
    ],
    [
      169,
      97,
      0,
      79,
      1,
      "WANVIDLORA"
    ],
    [
      173,
      105,
      0,
      99,
      1,
      "IMAGE"
    ],
    [
      174,
      103,
      0,
      101,
      0,
      "IMAGE"
    ],
    [
      175,
      100,
      0,
      103,
      0,
      "IMAGE"
    ],
    [
      176,
      105,
      1,
      103,
      2,
      "INT"
    ],
    [
      177,
      105,
      2,
      103,
      3,
      "INT"
    ],
    [
      179,
      99,
      0,
      104,
      1,
      "LATENT"
    ],
    [
      180,
      101,
      0,
      104,
      2,
      "MASK"
    ],
    [
      181,
      102,
      0,
      105,
      0,
      "IMAGE"
    ],
    [
      182,
      106,
      0,
      27,
      2,
      "WANVIDEOTEXTEMBEDS"
    ],
    [
      183,
      106,
      0,
      90,
      2,
      "WANVIDEOTEXTEMBEDS"
    ],
    [
      184,
      68,
      1,
      105,
      2,
      "INT"
    ],
    [
      185,
      68,
      2,
      105,
      3,
      "INT"
    ],
    [
      186,
      102,
      1,
      89,
      10,
      "INT"
    ],
    [
      187,
      89,
      0,
      104,
      0,
      "WANVIDIMAGE_EMBEDS"
    ],
    [
      188,
      104,
      0,
      27,
      1,
      "WANVIDIMAGE_EMBEDS"
    ],
    [
      190,
      38,
      0,
      107,
      0,
      "*"
    ],
    [
      191,
      108,
      0,
      28,
      0,
      "WANVAE"
    ],
    [
      192,
      109,
      0,
      99,
      0,
      "WANVAE"
    ],
    [
      194,
      107,
      0,
      89,
      0,
      "WANVAE"
    ],
    [
      196,
      108,
      0,
      111,
      0,
      "WANVAE"
    ],
    [
      199,
      111,
      0,
      112,
      0,
      "IMAGE"
    ],
    [
      200,
      104,
      0,
      90,
      1,
      "WANVIDIMAGE_EMBEDS"
    ],
    [
      202,
      27,
      1,
      111,
      1,
      "LATENT"
    ],
    [
      203,
      69,
      0,
      113,
      0,
      "IMAGE"
    ],
    [
      204,
      105,
      0,
      113,
      1,
      "IMAGE"
    ],
    [
      205,
      113,
      0,
      60,
      0,
      "IMAGE"
    ]
  ],
  "groups": [
    {
      "id": 1,
      "title": "ComfyUI text encoding alternative",
      "bounding": [
        844.0697062493205,
        1124.7753831765874,
        1210.621337890625,
        805.9080810546875
      ],
      "color": "#3f789e",
      "font_size": 24,
      "flags": {}
    },
    {
      "id": 2,
      "title": "TTM inputs",
      "bounding": [
        -986.0092893552563,
        163.4437143523704,
        1590.860985770768,
        1206.3957287745668
      ],
      "color": "#3f789e",
      "font_size": 24,
      "flags": {}
    },
    {
      "id": 3,
      "title": "Models",
      "bounding": [
        -1948.7083008975787,
        -1412.191011055735,
        2051.179501575185,
        972.9388987176192
      ],
      "color": "#88A",
      "font_size": 24,
      "flags": {}
    }
  ],
  "config": {},
  "extra": {
    "ds": {
      "scale": 0.505447028499326,
      "offset": [
        1448.6910651819264,
        1431.5776340389962
      ]
    },
    "frontendVersion": "1.32.0",
    "node_versions": {
      "ComfyUI-WanVideoWrapper": "5a2383621a05825d0d0437781afcb8552d9590fd",
      "comfy-core": "0.3.26",
      "ComfyUI-VideoHelperSuite": "0a75c7958fe320efcb052f1d9f8451fd20c730a8"
    },
    "VHS_latentpreview": true,
    "VHS_latentpreviewrate": 0,
    "VHS_MetadataImage": true,
    "VHS_KeepIntermediate": true
  },
  "version": 0.4
}