{
  "id": "206247b6-9fec-4ed2-8927-e4f388c674d4",
  "revision": 0,
  "last_node_id": 159,
  "last_link_id": 295,
  "nodes": [
    {
      "id": 46,
      "type": "WanVideoTextEmbedBridge",
      "pos": [
        1299.560546875,
        858.9187622070312
      ],
      "size": [
        315,
        46
      ],
      "flags": {},
      "order": 23,
      "mode": 2,
      "inputs": [
        {
          "name": "positive",
          "type": "CONDITIONING",
          "link": 54
        },
        {
          "name": "negative",
          "shape": 7,
          "type": "CONDITIONING",
          "link": 55
        }
      ],
      "outputs": [
        {
          "name": "text_embeds",
          "type": "WANVIDEOTEXTEMBEDS",
          "links": null
        }
      ],
      "properties": {
        "cnr_id": "ComfyUI-WanVideoWrapper",
        "ver": "d9b1f4d1a5aea91d101ae97a54714a5861af3f50",
        "Node name for S&R": "WanVideoTextEmbedBridge"
      },
      "widgets_values": []
    },
    {
      "id": 50,
      "type": "CLIPTextEncode",
      "pos": [
        849.561279296875,
        1118.9183349609375
      ],
      "size": [
        400,
        200
      ],
      "flags": {},
      "order": 19,
      "mode": 2,
      "inputs": [
        {
          "name": "clip",
          "type": "CLIP",
          "link": 53
        }
      ],
      "outputs": [
        {
          "name": "CONDITIONING",
          "type": "CONDITIONING",
          "slot_index": 0,
          "links": [
            55
          ]
        }
      ],
      "properties": {
        "cnr_id": "comfy-core",
        "ver": "0.3.26",
        "Node name for S&R": "CLIPTextEncode"
      },
      "widgets_values": [
        "色调艳丽，过曝，静态，细节模糊不清，字幕，风格，作品，画作，画面，静止，整体发灰，最差质量，低质量，JPEG压缩残留，丑陋的，残缺的，多余的手指，画得不好的手部，画得不好的脸部，畸形的，毁容的，形态畸形的肢体，手指融合，静止不动的画面，杂乱的背景，三条腿，背景人很多，倒着走"
      ]
    },
    {
      "id": 49,
      "type": "CLIPTextEncode",
      "pos": [
        849.561279296875,
        868.9187622070312
      ],
      "size": [
        400,
        200
      ],
      "flags": {},
      "order": 18,
      "mode": 2,
      "inputs": [
        {
          "name": "clip",
          "type": "CLIP",
          "link": 52
        }
      ],
      "outputs": [
        {
          "name": "CONDITIONING",
          "type": "CONDITIONING",
          "slot_index": 0,
          "links": [
            54
          ]
        }
      ],
      "properties": {
        "cnr_id": "comfy-core",
        "ver": "0.3.26",
        "Node name for S&R": "CLIPTextEncode"
      },
      "widgets_values": [
        "high quality nature video featuring a red panda balancing on a bamboo stem while a bird lands on it's head, on the background there is a waterfall"
      ]
    },
    {
      "id": 51,
      "type": "Note",
      "pos": [
        519.5615844726562,
        698.91845703125
      ],
      "size": [
        253.16725158691406,
        88
      ],
      "flags": {},
      "order": 0,
      "mode": 2,
      "inputs": [],
      "outputs": [],
      "properties": {},
      "widgets_values": [
        "You can also use native ComfyUI text encoding with these nodes instead of the original, the models are node specific and can't otherwise be mixed."
      ],
      "color": "#432",
      "bgcolor": "#653"
    },
    {
      "id": 48,
      "type": "CLIPLoader",
      "pos": [
        489.5616455078125,
        868.9187622070312
      ],
      "size": [
        315,
        106
      ],
      "flags": {},
      "order": 1,
      "mode": 2,
      "inputs": [],
      "outputs": [
        {
          "name": "CLIP",
          "type": "CLIP",
          "slot_index": 0,
          "links": [
            52,
            53
          ]
        }
      ],
      "properties": {
        "cnr_id": "comfy-core",
        "ver": "0.3.26",
        "Node name for S&R": "CLIPLoader"
      },
      "widgets_values": [
        "t5\\t5xxl_fp8_e4m3fn_scaled.safetensors",
        "wan",
        "default"
      ]
    },
    {
      "id": 70,
      "type": "WanVideoSetBlockSwap",
      "pos": [
        823.8463134765625,
        -766.5842895507812
      ],
      "size": [
        201.76815795898438,
        46
      ],
      "flags": {},
      "order": 24,
      "mode": 0,
      "inputs": [
        {
          "name": "model",
          "type": "WANVIDEOMODEL",
          "link": 90
        },
        {
          "name": "block_swap_args",
          "shape": 7,
          "type": "BLOCKSWAPARGS",
          "link": 92
        }
      ],
      "outputs": [
        {
          "name": "model",
          "type": "WANVIDEOMODEL",
          "links": [
            107
          ]
        }
      ],
      "properties": {
        "cnr_id": "ComfyUI-WanVideoWrapper",
        "ver": "5406a72f62adf4a31a8a0a0e4923cc5288399652",
        "Node name for S&R": "WanVideoSetBlockSwap"
      },
      "widgets_values": [],
      "color": "#223",
      "bgcolor": "#335"
    },
    {
      "id": 28,
      "type": "WanVideoDecode",
      "pos": [
        1446.94677734375,
        -808.8124389648438
      ],
      "size": [
        315,
        198
      ],
      "flags": {},
      "order": 41,
      "mode": 0,
      "inputs": [
        {
          "name": "vae",
          "type": "WANVAE",
          "link": 43
        },
        {
          "name": "samples",
          "type": "LATENT",
          "link": 33
        }
      ],
      "outputs": [
        {
          "name": "images",
          "type": "IMAGE",
          "slot_index": 0,
          "links": [
            218
          ]
        }
      ],
      "properties": {
        "cnr_id": "ComfyUI-WanVideoWrapper",
        "ver": "d9b1f4d1a5aea91d101ae97a54714a5861af3f50",
        "Node name for S&R": "WanVideoDecode"
      },
      "widgets_values": [
        false,
        272,
        272,
        144,
        128,
        "default"
      ],
      "color": "#322",
      "bgcolor": "#533"
    },
    {
      "id": 79,
      "type": "WanVideoSetLoRAs",
      "pos": [
        1133.248291015625,
        -698.7440795898438
      ],
      "size": [
        239.93698120117188,
        46
      ],
      "flags": {},
      "order": 26,
      "mode": 0,
      "inputs": [
        {
          "name": "model",
          "type": "WANVIDEOMODEL",
          "link": 107
        },
        {
          "name": "lora",
          "shape": 7,
          "type": "WANVIDLORA",
          "link": 210
        }
      ],
      "outputs": [
        {
          "name": "model",
          "type": "WANVIDEOMODEL",
          "links": [
            108
          ]
        }
      ],
      "properties": {
        "cnr_id": "ComfyUI-WanVideoWrapper",
        "ver": "7c93aea182a0d7084bfbc18ae36f039ea3845e73",
        "Node name for S&R": "WanVideoSetLoRAs"
      },
      "widgets_values": [],
      "color": "#223",
      "bgcolor": "#335"
    },
    {
      "id": 123,
      "type": "PrimitiveNode",
      "pos": [
        -225.1419219970703,
        -412.62811279296875
      ],
      "size": [
        210,
        82
      ],
      "flags": {},
      "order": 2,
      "mode": 0,
      "inputs": [],
      "outputs": [
        {
          "name": "INT",
          "type": "INT",
          "widget": {
            "name": "width"
          },
          "links": [
            220
          ]
        }
      ],
      "title": "width",
      "properties": {
        "Run widget replace on values": false
      },
      "widgets_values": [
        832,
        "fixed"
      ],
      "color": "#2a363b",
      "bgcolor": "#3f5159"
    },
    {
      "id": 124,
      "type": "PrimitiveNode",
      "pos": [
        -226.0428009033203,
        -278.3983154296875
      ],
      "size": [
        210,
        82
      ],
      "flags": {},
      "order": 3,
      "mode": 0,
      "inputs": [],
      "outputs": [
        {
          "name": "INT",
          "type": "INT",
          "widget": {
            "name": "height"
          },
          "links": [
            221
          ]
        }
      ],
      "title": "height",
      "properties": {
        "Run widget replace on values": false
      },
      "widgets_values": [
        480,
        "fixed"
      ],
      "color": "#2a363b",
      "bgcolor": "#3f5159"
    },
    {
      "id": 125,
      "type": "PrimitiveNode",
      "pos": [
        -226.0429229736328,
        -136.0607147216797
      ],
      "size": [
        210,
        82
      ],
      "flags": {},
      "order": 4,
      "mode": 0,
      "inputs": [],
      "outputs": [
        {
          "name": "INT",
          "type": "INT",
          "widget": {
            "name": "num_frames"
          },
          "links": [
            222
          ]
        }
      ],
      "title": "num_frames",
      "properties": {
        "Run widget replace on values": false
      },
      "widgets_values": [
        81,
        "fixed"
      ],
      "color": "#2a363b",
      "bgcolor": "#3f5159"
    },
    {
      "id": 126,
      "type": "MarkdownNote",
      "pos": [
        -856.6663208007812,
        -743.9132690429688
      ],
      "size": [
        362.6117858886719,
        143.0945281982422
      ],
      "flags": {},
      "order": 5,
      "mode": 0,
      "inputs": [],
      "outputs": [],
      "properties": {},
      "widgets_values": [
        "LoRA link:\n\n[https://huggingface.co/Kijai/WanVideo_comfy/tree/main/Stand-In](https://huggingface.co/Kijai/WanVideo_comfy/tree/main/Stand-In)\n\nThis LoRA is not the traditional kind and it HAS TO connect to the model loader directly."
      ],
      "color": "#432",
      "bgcolor": "#653"
    },
    {
      "id": 121,
      "type": "PreviewImage",
      "pos": [
        -29.90178108215332,
        406.4158630371094
      ],
      "size": [
        269.3977966308594,
        292.68145751953125
      ],
      "flags": {},
      "order": 38,
      "mode": 0,
      "inputs": [
        {
          "name": "images",
          "type": "IMAGE",
          "link": 215
        }
      ],
      "outputs": [],
      "properties": {
        "cnr_id": "comfy-core",
        "ver": "0.3.49",
        "Node name for S&R": "PreviewImage"
      },
      "widgets_values": []
    },
    {
      "id": 122,
      "type": "ImageConcatMulti",
      "pos": [
        1852.3680419921875,
        -632.4982299804688
      ],
      "size": [
        270,
        150
      ],
      "flags": {},
      "order": 42,
      "mode": 0,
      "inputs": [
        {
          "name": "image_1",
          "type": "IMAGE",
          "link": 218
        },
        {
          "name": "image_2",
          "shape": 7,
          "type": "IMAGE",
          "link": 219
        }
      ],
      "outputs": [
        {
          "name": "images",
          "type": "IMAGE",
          "links": [
            217
          ]
        }
      ],
      "properties": {
        "cnr_id": "comfyui-kjnodes",
        "ver": "87d0cf42db7d59992daba4d58a83655b5b359f44"
      },
      "widgets_values": [
        2,
        "left",
        true,
        null
      ]
    },
    {
      "id": 71,
      "type": "WanVideoLoraSelect",
      "pos": [
        1039.67724609375,
        -1149.5599365234375
      ],
      "size": [
        583.5029907226562,
        176
      ],
      "flags": {},
      "order": 6,
      "mode": 0,
      "inputs": [
        {
          "name": "prev_lora",
          "shape": 7,
          "type": "WANVIDLORA",
          "link": null
        },
        {
          "name": "blocks",
          "shape": 7,
          "type": "SELECTEDBLOCKS",
          "link": null
        }
      ],
      "outputs": [
        {
          "name": "lora",
          "type": "WANVIDLORA",
          "links": [
            210
          ]
        }
      ],
      "properties": {
        "cnr_id": "ComfyUI-WanVideoWrapper",
        "ver": "6b9565ed6307168c45770ec08517d7df65b61e3f",
        "Node name for S&R": "WanVideoLoraSelect"
      },
      "widgets_values": [
        "WanVideo\\Lightx2v\\lightx2v_T2V_14B_cfg_step_distill_v2_lora_rank64_bf16_.safetensors",
        1,
        false,
        false
      ],
      "color": "#223",
      "bgcolor": "#335"
    },
    {
      "id": 69,
      "type": "WanVideoLoraSelect",
      "pos": [
        -470.2064208984375,
        -736.2723388671875
      ],
      "size": [
        583.5029907226562,
        200
      ],
      "flags": {},
      "order": 7,
      "mode": 0,
      "inputs": [
        {
          "name": "prev_lora",
          "shape": 7,
          "type": "WANVIDLORA",
          "link": null
        },
        {
          "name": "blocks",
          "shape": 7,
          "type": "SELECTEDBLOCKS",
          "link": null
        }
      ],
      "outputs": [
        {
          "name": "lora",
          "type": "WANVIDLORA",
          "links": [
            170
          ]
        }
      ],
      "properties": {
        "cnr_id": "ComfyUI-WanVideoWrapper",
        "ver": "6b9565ed6307168c45770ec08517d7df65b61e3f",
        "Node name for S&R": "WanVideoLoraSelect"
      },
      "widgets_values": [
        "WanVideo\\Stand-In\\Stand-In_wan2.1_T2V_14B_ver1.0.safetensors",
        1,
        false,
        false,
        "<details><summary><b>Metadata</b></summary><table border='0' cellpadding='3'><tr><td colspan='2'><b>Metadata</b></td></tr><tr><td><b>format</b></td><td>pt</td></tr></table></details>"
      ]
    },
    {
      "id": 68,
      "type": "ImageResizeKJv2",
      "pos": [
        -33.96096420288086,
        -0.08482001721858978
      ],
      "size": [
        270,
        336.0000305175781
      ],
      "flags": {},
      "order": 36,
      "mode": 0,
      "inputs": [
        {
          "name": "image",
          "type": "IMAGE",
          "link": 227
        },
        {
          "name": "mask",
          "shape": 7,
          "type": "MASK",
          "link": null
        }
      ],
      "outputs": [
        {
          "name": "IMAGE",
          "type": "IMAGE",
          "links": [
            208,
            215,
            219
          ]
        },
        {
          "name": "width",
          "type": "INT",
          "links": []
        },
        {
          "name": "height",
          "type": "INT",
          "links": []
        },
        {
          "name": "mask",
          "type": "MASK",
          "links": []
        }
      ],
      "properties": {
        "cnr_id": "comfyui-kjnodes",
        "ver": "ad37ce656c13e9abea002b46e3a89be3dba32355",
        "Node name for S&R": "ImageResizeKJv2"
      },
      "widgets_values": [
        512,
        512,
        "lanczos",
        "pad",
        "255,255,255",
        "center",
        16,
        "cpu",
        "<tr><td>Output: </td><td><b>1</b> x <b>512</b> x <b>512 | 3.00MB</b></td></tr>"
      ]
    },
    {
      "id": 144,
      "type": "MediaPipe-FaceMeshPreprocessor",
      "pos": [
        -1326.5618896484375,
        288.2899475097656
      ],
      "size": [
        270,
        106
      ],
      "flags": {},
      "order": 27,
      "mode": 0,
      "inputs": [
        {
          "name": "image",
          "type": "IMAGE",
          "link": 260
        },
        {
          "name": "resolution",
          "shape": 7,
          "type": "INT",
          "widget": {
            "name": "resolution"
          },
          "link": 274
        }
      ],
      "outputs": [
        {
          "name": "IMAGE",
          "type": "IMAGE",
          "links": [
            271
          ]
        }
      ],
      "properties": {
        "cnr_id": "comfyui_controlnet_aux",
        "ver": "1d7cdce8cb771fbc39a432a6338168c12a338ef4",
        "Node name for S&R": "MediaPipe-FaceMeshPreprocessor"
      },
      "widgets_values": [
        10,
        0.5,
        512
      ]
    },
    {
      "id": 152,
      "type": "PixelPerfectResolution",
      "pos": [
        -1550.9462890625,
        434.7625732421875
      ],
      "size": [
        291.71484375,
        106
      ],
      "flags": {
        "collapsed": true
      },
      "order": 25,
      "mode": 0,
      "inputs": [
        {
          "name": "original_image",
          "type": "IMAGE",
          "link": 278
        },
        {
          "name": "image_gen_width",
          "type": "INT",
          "widget": {
            "name": "image_gen_width"
          },
          "link": 276
        },
        {
          "name": "image_gen_height",
          "type": "INT",
          "widget": {
            "name": "image_gen_height"
          },
          "link": 277
        }
      ],
      "outputs": [
        {
          "name": "RESOLUTION (INT)",
          "type": "INT",
          "links": [
            274,
            275,
            281
          ]
        }
      ],
      "properties": {
        "cnr_id": "comfyui_controlnet_aux",
        "ver": "1d7cdce8cb771fbc39a432a6338168c12a338ef4",
        "Node name for S&R": "PixelPerfectResolution"
      },
      "widgets_values": [
        512,
        512,
        "Just Resize"
      ]
    },
    {
      "id": 132,
      "type": "ImageToMask",
      "pos": [
        -1029.715576171875,
        291.0230407714844
      ],
      "size": [
        270,
        58
      ],
      "flags": {
        "collapsed": false
      },
      "order": 29,
      "mode": 0,
      "inputs": [
        {
          "name": "image",
          "type": "IMAGE",
          "link": 291
        }
      ],
      "outputs": [
        {
          "name": "MASK",
          "type": "MASK",
          "links": [
            256,
            284
          ]
        }
      ],
      "properties": {
        "cnr_id": "comfy-core",
        "ver": "0.3.50",
        "Node name for S&R": "ImageToMask"
      },
      "widgets_values": [
        "red"
      ]
    },
    {
      "id": 151,
      "type": "BinaryPreprocessor",
      "pos": [
        -1325.421142578125,
        461.4793701171875
      ],
      "size": [
        270,
        82
      ],
      "flags": {},
      "order": 28,
      "mode": 0,
      "inputs": [
        {
          "name": "image",
          "type": "IMAGE",
          "link": 271
        },
        {
          "name": "resolution",
          "shape": 7,
          "type": "INT",
          "widget": {
            "name": "resolution"
          },
          "link": 275
        }
      ],
      "outputs": [
        {
          "name": "IMAGE",
          "type": "IMAGE",
          "links": [
            291
          ]
        }
      ],
      "properties": {
        "cnr_id": "comfyui_controlnet_aux",
        "ver": "1d7cdce8cb771fbc39a432a6338168c12a338ef4",
        "Node name for S&R": "BinaryPreprocessor"
      },
      "widgets_values": [
        100,
        512
      ]
    },
    {
      "id": 58,
      "type": "LoadImage",
      "pos": [
        -2133.34521484375,
        -24.118581771850586
      ],
      "size": [
        413.10479736328125,
        498.3180847167969
      ],
      "flags": {},
      "order": 8,
      "mode": 0,
      "inputs": [],
      "outputs": [
        {
          "name": "IMAGE",
          "type": "IMAGE",
          "links": [
            292
          ]
        },
        {
          "name": "MASK",
          "type": "MASK",
          "links": []
        }
      ],
      "properties": {
        "cnr_id": "comfy-core",
        "ver": "0.3.26",
        "Node name for S&R": "LoadImage"
      },
      "widgets_values": [
        "pasted/image (970).png",
        "image"
      ],
      "color": "#2a363b",
      "bgcolor": "#3f5159"
    },
    {
      "id": 142,
      "type": "ImageResizeKJv2",
      "pos": [
        -1675.4661865234375,
        -21.95042610168457
      ],
      "size": [
        270,
        336.0000305175781
      ],
      "flags": {},
      "order": 22,
      "mode": 0,
      "inputs": [
        {
          "name": "image",
          "type": "IMAGE",
          "link": 292
        },
        {
          "name": "mask",
          "shape": 7,
          "type": "MASK",
          "link": null
        }
      ],
      "outputs": [
        {
          "name": "IMAGE",
          "type": "IMAGE",
          "links": [
            257,
            260,
            278
          ]
        },
        {
          "name": "width",
          "type": "INT",
          "links": [
            276
          ]
        },
        {
          "name": "height",
          "type": "INT",
          "links": [
            277
          ]
        },
        {
          "name": "mask",
          "type": "MASK",
          "links": []
        }
      ],
      "properties": {
        "cnr_id": "comfyui-kjnodes",
        "ver": "ad37ce656c13e9abea002b46e3a89be3dba32355",
        "Node name for S&R": "ImageResizeKJv2"
      },
      "widgets_values": [
        512,
        512,
        "lanczos",
        "pad",
        "255,255,255",
        "center",
        16,
        "cpu",
        "<tr><td>Output: </td><td><b>1</b> x <b>512</b> x <b>512 | 3.00MB</b></td></tr>"
      ]
    },
    {
      "id": 153,
      "type": "MaskPreview",
      "pos": [
        -1009.8248291015625,
        428.6866149902344
      ],
      "size": [
        140,
        246.00003051757812
      ],
      "flags": {},
      "order": 31,
      "mode": 0,
      "inputs": [
        {
          "name": "mask",
          "type": "MASK",
          "link": 284
        }
      ],
      "outputs": [],
      "properties": {
        "cnr_id": "comfy-core",
        "ver": "0.3.50",
        "Node name for S&R": "MaskPreview"
      },
      "widgets_values": []
    },
    {
      "id": 143,
      "type": "ImageCropByMaskAndResize",
      "pos": [
        -1273.0650634765625,
        -13.614867210388184
      ],
      "size": [
        306.0923767089844,
        170
      ],
      "flags": {},
      "order": 30,
      "mode": 0,
      "inputs": [
        {
          "name": "image",
          "type": "IMAGE",
          "link": 257
        },
        {
          "name": "mask",
          "type": "MASK",
          "link": 256
        },
        {
          "name": "base_resolution",
          "type": "INT",
          "widget": {
            "name": "base_resolution"
          },
          "link": 281
        }
      ],
      "outputs": [
        {
          "name": "images",
          "type": "IMAGE",
          "links": [
            255,
            282,
            283
          ]
        },
        {
          "name": "masks",
          "type": "MASK",
          "links": null
        },
        {
          "name": "bbox",
          "type": "BBOX",
          "links": null
        }
      ],
      "properties": {
        "cnr_id": "comfyui-kjnodes",
        "ver": "87d0cf42db7d59992daba4d58a83655b5b359f44",
        "Node name for S&R": "ImageCropByMaskAndResize"
      },
      "widgets_values": [
        512,
        100,
        128,
        512
      ]
    },
    {
      "id": 136,
      "type": "PreviewImage",
      "pos": [
        -901.9127807617188,
        -22.98084259033203
      ],
      "size": [
        140,
        246.00001525878906
      ],
      "flags": {},
      "order": 32,
      "mode": 0,
      "inputs": [
        {
          "name": "images",
          "type": "IMAGE",
          "link": 255
        }
      ],
      "outputs": [],
      "properties": {
        "cnr_id": "comfy-core",
        "ver": "0.3.50",
        "Node name for S&R": "PreviewImage"
      },
      "widgets_values": []
    },
    {
      "id": 127,
      "type": "TransparentBGSession+",
      "pos": [
        -1255.6700439453125,
        -228.02297973632812
      ],
      "size": [
        299.1265563964844,
        82
      ],
      "flags": {},
      "order": 9,
      "mode": 0,
      "inputs": [],
      "outputs": [
        {
          "name": "REMBG_SESSION",
          "type": "REMBG_SESSION",
          "links": [
            223
          ]
        }
      ],
      "properties": {
        "aux_id": "kijai/ComfyUI_essentials",
        "ver": "76e9d1e4399bd025ce8b12c290753d58f9f53e93",
        "Node name for S&R": "TransparentBGSession+"
      },
      "widgets_values": [
        "base",
        true
      ]
    },
    {
      "id": 128,
      "type": "ImageRemoveBackground+",
      "pos": [
        -912.7180786132812,
        -221.90872192382812
      ],
      "size": [
        236.54940795898438,
        46
      ],
      "flags": {},
      "order": 33,
      "mode": 0,
      "inputs": [
        {
          "name": "rembg_session",
          "type": "REMBG_SESSION",
          "link": 223
        },
        {
          "name": "image",
          "type": "IMAGE",
          "link": 282
        }
      ],
      "outputs": [
        {
          "name": "IMAGE",
          "type": "IMAGE",
          "links": null
        },
        {
          "name": "MASK",
          "type": "MASK",
          "links": [
            225
          ]
        }
      ],
      "properties": {
        "aux_id": "kijai/ComfyUI_essentials",
        "ver": "76e9d1e4399bd025ce8b12c290753d58f9f53e93",
        "Node name for S&R": "ImageRemoveBackground+"
      },
      "widgets_values": []
    },
    {
      "id": 108,
      "type": "ImageCompositeMasked",
      "pos": [
        -590.6484375,
        150.45697021484375
      ],
      "size": [
        270,
        147.090087890625
      ],
      "flags": {
        "collapsed": false
      },
      "order": 34,
      "mode": 0,
      "inputs": [
        {
          "name": "destination",
          "type": "IMAGE",
          "link": 181
        },
        {
          "name": "source",
          "type": "IMAGE",
          "link": 283
        },
        {
          "name": "mask",
          "shape": 7,
          "type": "MASK",
          "link": 225
        }
      ],
      "outputs": [
        {
          "name": "IMAGE",
          "type": "IMAGE",
          "links": [
            226
          ]
        }
      ],
      "properties": {
        "cnr_id": "comfy-core",
        "ver": "0.3.49",
        "Node name for S&R": "ImageCompositeMasked"
      },
      "widgets_values": [
        0,
        0,
        false
      ]
    },
    {
      "id": 109,
      "type": "EmptyImage",
      "pos": [
        -587.3565673828125,
        86.43392181396484
      ],
      "size": [
        270,
        130
      ],
      "flags": {
        "collapsed": true
      },
      "order": 10,
      "mode": 0,
      "inputs": [],
      "outputs": [
        {
          "name": "IMAGE",
          "type": "IMAGE",
          "links": [
            181
          ]
        }
      ],
      "properties": {
        "cnr_id": "comfy-core",
        "ver": "0.3.49",
        "Node name for S&R": "EmptyImage"
      },
      "widgets_values": [
        512,
        512,
        1,
        16777215
      ]
    },
    {
      "id": 129,
      "type": "ImagePadKJ",
      "pos": [
        -584.8804321289062,
        372.4350891113281
      ],
      "size": [
        270,
        262
      ],
      "flags": {},
      "order": 35,
      "mode": 4,
      "inputs": [
        {
          "name": "image",
          "type": "IMAGE",
          "link": 226
        },
        {
          "name": "mask",
          "shape": 7,
          "type": "MASK",
          "link": null
        },
        {
          "name": "target_width",
          "shape": 7,
          "type": "INT",
          "link": null
        },
        {
          "name": "target_height",
          "shape": 7,
          "type": "INT",
          "link": null
        }
      ],
      "outputs": [
        {
          "name": "images",
          "type": "IMAGE",
          "links": [
            227
          ]
        },
        {
          "name": "masks",
          "type": "MASK",
          "links": null
        }
      ],
      "properties": {
        "cnr_id": "comfyui-kjnodes",
        "ver": "87d0cf42db7d59992daba4d58a83655b5b359f44",
        "Node name for S&R": "ImagePadKJ"
      },
      "widgets_values": [
        0,
        0,
        0,
        0,
        64,
        "color",
        "255,255,255"
      ]
    },
    {
      "id": 158,
      "type": "Note",
      "pos": [
        -1909.0865478515625,
        -265.8423767089844
      ],
      "size": [
        448.52191162109375,
        88
      ],
      "flags": {},
      "order": 11,
      "mode": 0,
      "inputs": [],
      "outputs": [],
      "properties": {},
      "widgets_values": [
        "The goal is to simply face your subject on white background."
      ],
      "color": "#432",
      "bgcolor": "#653"
    },
    {
      "id": 74,
      "type": "VHS_VideoCombine",
      "pos": [
        1827.70947265625,
        -417.2612609863281
      ],
      "size": [
        1022.6397094726562,
        714.8193969726562
      ],
      "flags": {},
      "order": 43,
      "mode": 0,
      "inputs": [
        {
          "name": "images",
          "type": "IMAGE",
          "link": 217
        },
        {
          "name": "audio",
          "shape": 7,
          "type": "AUDIO",
          "link": null
        },
        {
          "name": "meta_batch",
          "shape": 7,
          "type": "VHS_BatchManager",
          "link": null
        },
        {
          "name": "vae",
          "shape": 7,
          "type": "VAE",
          "link": null
        }
      ],
      "outputs": [
        {
          "name": "Filenames",
          "type": "VHS_FILENAMES",
          "links": null
        }
      ],
      "properties": {
        "cnr_id": "comfyui-videohelpersuite",
        "ver": "0a75c7958fe320efcb052f1d9f8451fd20c730a8",
        "Node name for S&R": "VHS_VideoCombine"
      },
      "widgets_values": {
        "frame_rate": 16,
        "loop_count": 0,
        "filename_prefix": "WanVideoWrapper_T2V_Stand_In",
        "format": "video/h264-mp4",
        "pix_fmt": "yuv420p",
        "crf": 19,
        "save_metadata": true,
        "trim_to_audio": false,
        "pingpong": false,
        "save_output": false,
        "videopreview": {
          "hidden": false,
          "paused": false,
          "params": {
            "filename": "WanVideoWrapper_T2V_Stand_In_00008.mp4",
            "subfolder": "",
            "type": "temp",
            "format": "video/h264-mp4",
            "frame_rate": 16,
            "workflow": "WanVideoWrapper_T2V_Stand_In_00008.png",
            "fullpath": "N:\\AI\\ComfyUI\\temp\\WanVideoWrapper_T2V_Stand_In_00008.mp4"
          }
        }
      }
    },
    {
      "id": 102,
      "type": "WanVideoAddStandInLatent",
      "pos": [
        626.6787109375,
        -36.9838752746582
      ],
      "size": [
        246.94578552246094,
        57.857322692871094
      ],
      "flags": {},
      "order": 39,
      "mode": 0,
      "inputs": [
        {
          "name": "embeds",
          "type": "WANVIDIMAGE_EMBEDS",
          "link": 171
        },
        {
          "name": "ip_image_latent",
          "type": "LATENT",
          "link": 174
        }
      ],
      "outputs": [
        {
          "name": "image_embeds",
          "type": "WANVIDIMAGE_EMBEDS",
          "links": [
            172
          ]
        }
      ],
      "properties": {
        "cnr_id": "ComfyUI-WanVideoWrapper",
        "ver": "06863fe2d283e89ba2386260ad2700557dda1897",
        "Node name for S&R": "WanVideoAddStandInLatent"
      },
      "widgets_values": []
    },
    {
      "id": 103,
      "type": "WanVideoEmptyEmbeds",
      "pos": [
        622.5388793945312,
        96.46371459960938
      ],
      "size": [
        272.431640625,
        126
      ],
      "flags": {},
      "order": 20,
      "mode": 0,
      "inputs": [
        {
          "name": "control_embeds",
          "shape": 7,
          "type": "WANVIDIMAGE_EMBEDS",
          "link": null
        },
        {
          "name": "extra_latents",
          "shape": 7,
          "type": "LATENT",
          "link": null
        },
        {
          "name": "width",
          "type": "INT",
          "widget": {
            "name": "width"
          },
          "link": 220
        },
        {
          "name": "height",
          "type": "INT",
          "widget": {
            "name": "height"
          },
          "link": 221
        },
        {
          "name": "num_frames",
          "type": "INT",
          "widget": {
            "name": "num_frames"
          },
          "link": 222
        }
      ],
      "outputs": [
        {
          "name": "image_embeds",
          "type": "WANVIDIMAGE_EMBEDS",
          "links": [
            171
          ]
        }
      ],
      "properties": {
        "cnr_id": "ComfyUI-WanVideoWrapper",
        "ver": "06863fe2d283e89ba2386260ad2700557dda1897",
        "Node name for S&R": "WanVideoEmptyEmbeds"
      },
      "widgets_values": [
        832,
        480,
        81
      ]
    },
    {
      "id": 104,
      "type": "WanVideoEncode",
      "pos": [
        296.0429382324219,
        -27.93423843383789
      ],
      "size": [
        270,
        242
      ],
      "flags": {},
      "order": 37,
      "mode": 0,
      "inputs": [
        {
          "name": "vae",
          "type": "WANVAE",
          "link": 175
        },
        {
          "name": "image",
          "type": "IMAGE",
          "link": 208
        },
        {
          "name": "mask",
          "shape": 7,
          "type": "MASK",
          "link": null
        }
      ],
      "outputs": [
        {
          "name": "samples",
          "type": "LATENT",
          "links": [
            174
          ]
        }
      ],
      "properties": {
        "cnr_id": "ComfyUI-WanVideoWrapper",
        "ver": "06863fe2d283e89ba2386260ad2700557dda1897",
        "Node name for S&R": "WanVideoEncode"
      },
      "widgets_values": [
        false,
        272,
        272,
        144,
        128,
        0,
        1
      ]
    },
    {
      "id": 42,
      "type": "Note",
      "pos": [
        568.8908081054688,
        -1050.97802734375
      ],
      "size": [
        325.1150207519531,
        196.76773071289062
      ],
      "flags": {},
      "order": 12,
      "mode": 0,
      "inputs": [],
      "outputs": [],
      "properties": {},
      "widgets_values": [
        "Adjust the blocks to swap based on your VRAM, this is a tradeoff between speed and memory usage.\n\nFurther VRAM savings are from torch.compile or alternatively using the chunked rope option in the WanVideoSampler -node"
      ],
      "color": "#432",
      "bgcolor": "#653"
    },
    {
      "id": 36,
      "type": "Note",
      "pos": [
        160,
        -1010
      ],
      "size": [
        374.3061828613281,
        171.9547576904297
      ],
      "flags": {},
      "order": 13,
      "mode": 0,
      "inputs": [],
      "outputs": [],
      "properties": {},
      "widgets_values": [
        "fp_16_fast enables \"Full FP16 Accmumulation in FP16 GEMMs\" feature available in the very latest pytorch nightly, this is around 20% speed boost. \n\nSageattn if you have it installed can be used for almost double inference speed"
      ],
      "color": "#432",
      "bgcolor": "#653"
    },
    {
      "id": 159,
      "type": "WanVideoTextEncodeCached",
      "pos": [
        953.716796875,
        -363.231201171875
      ],
      "size": [
        430.59002685546875,
        373.66790771484375
      ],
      "flags": {},
      "order": 14,
      "mode": 0,
      "inputs": [
        {
          "name": "extender_args",
          "shape": 7,
          "type": "WANVIDEOPROMPTEXTENDER_ARGS",
          "link": null
        }
      ],
      "outputs": [
        {
          "name": "text_embeds",
          "type": "WANVIDEOTEXTEMBEDS",
          "links": [
            294
          ]
        },
        {
          "name": "negative_text_embeds",
          "type": "WANVIDEOTEXTEMBEDS",
          "links": null
        },
        {
          "name": "positive_prompt",
          "type": "STRING",
          "links": null
        }
      ],
      "properties": {
        "cnr_id": "ComfyUI-WanVideoWrapper",
        "ver": "bbf14ec9e9965c1a8582eea02b50913e79a036d0",
        "Node name for S&R": "WanVideoTextEncodeCached"
      },
      "widgets_values": [
        "umt5-xxl-enc-bf16.safetensors",
        "bf16",
        "In a corridor where the walls ripple like water, a woman reaches out to touch the flowing surface, causing circles of ripples to spread. The camera moves from a medium shot to a close-up, capturing her curious expression as she sees her distorted reflection",
        "色调艳丽，过曝，静态，细节模糊不清，字幕，风格，作品，画作，画面，静止，整体发灰，最差质量，低质量，JPEG压缩残留，丑陋的，残缺的，多余的手指，画得不好的手部，画得不好的脸部，畸形的，毁容的，形态畸形的肢体，手指融合，静止不动的画面，杂乱的背景，三条腿，背景人很多，倒着走",
        "disabled",
        true,
        "gpu"
      ],
      "color": "#432",
      "bgcolor": "#653"
    },
    {
      "id": 38,
      "type": "WanVideoVAELoader",
      "pos": [
        269.694580078125,
        -387.9345703125
      ],
      "size": [
        372.7727966308594,
        82
      ],
      "flags": {},
      "order": 15,
      "mode": 0,
      "inputs": [
        {
          "name": "compile_args",
          "shape": 7,
          "type": "WANCOMPILEARGS",
          "link": null
        }
      ],
      "outputs": [
        {
          "name": "vae",
          "type": "WANVAE",
          "slot_index": 0,
          "links": [
            43,
            175
          ]
        }
      ],
      "properties": {
        "cnr_id": "ComfyUI-WanVideoWrapper",
        "ver": "d9b1f4d1a5aea91d101ae97a54714a5861af3f50",
        "Node name for S&R": "WanVideoVAELoader"
      },
      "widgets_values": [
        "wanvideo\\Wan2_1_VAE_bf16.safetensors",
        "bf16"
      ],
      "color": "#322",
      "bgcolor": "#533"
    },
    {
      "id": 35,
      "type": "WanVideoTorchCompileSettings",
      "pos": [
        -276.8500671386719,
        -1050.6326904296875
      ],
      "size": [
        390.5999755859375,
        202
      ],
      "flags": {},
      "order": 16,
      "mode": 0,
      "inputs": [],
      "outputs": [
        {
          "name": "torch_compile_args",
          "type": "WANCOMPILEARGS",
          "slot_index": 0,
          "links": []
        }
      ],
      "properties": {
        "cnr_id": "ComfyUI-WanVideoWrapper",
        "ver": "d9b1f4d1a5aea91d101ae97a54714a5861af3f50",
        "Node name for S&R": "WanVideoTorchCompileSettings"
      },
      "widgets_values": [
        "inductor",
        false,
        "default",
        false,
        64,
        true,
        128
      ],
      "color": "#223",
      "bgcolor": "#335"
    },
    {
      "id": 22,
      "type": "WanVideoModelLoader",
      "pos": [
        150,
        -780
      ],
      "size": [
        535.5307006835938,
        294
      ],
      "flags": {},
      "order": 21,
      "mode": 0,
      "inputs": [
        {
          "name": "compile_args",
          "shape": 7,
          "type": "WANCOMPILEARGS",
          "link": null
        },
        {
          "name": "block_swap_args",
          "shape": 7,
          "type": "BLOCKSWAPARGS",
          "link": null
        },
        {
          "name": "lora",
          "shape": 7,
          "type": "WANVIDLORA",
          "link": 170
        },
        {
          "name": "vram_management_args",
          "shape": 7,
          "type": "VRAM_MANAGEMENTARGS",
          "link": null
        },
        {
          "name": "vace_model",
          "shape": 7,
          "type": "VACEPATH",
          "link": null
        },
        {
          "name": "fantasytalking_model",
          "shape": 7,
          "type": "FANTASYTALKINGMODEL",
          "link": null
        },
        {
          "name": "multitalk_model",
          "shape": 7,
          "type": "MULTITALKMODEL",
          "link": null
        },
        {
          "name": "fantasyportrait_model",
          "shape": 7,
          "type": "FANTASYPORTRAITMODEL",
          "link": null
        }
      ],
      "outputs": [
        {
          "name": "model",
          "type": "WANVIDEOMODEL",
          "slot_index": 0,
          "links": [
            90
          ]
        }
      ],
      "properties": {
        "cnr_id": "ComfyUI-WanVideoWrapper",
        "ver": "d9b1f4d1a5aea91d101ae97a54714a5861af3f50",
        "Node name for S&R": "WanVideoModelLoader"
      },
      "widgets_values": [
        "WanVideo\\fp8_scaled_kj\\T2V\\Wan2_1-T2V-14B_fp8_e4m3fn_scaled_KJ.safetensors",
        "fp16_fast",
        "fp8_e4m3fn_scaled",
        "offload_device",
        "sageattn"
      ],
      "color": "#223",
      "bgcolor": "#335"
    },
    {
      "id": 27,
      "type": "WanVideoSampler",
      "pos": [
        1462.7750244140625,
        -540.9441528320312
      ],
      "size": [
        315,
        873.39453125
      ],
      "flags": {},
      "order": 40,
      "mode": 0,
      "inputs": [
        {
          "name": "model",
          "type": "WANVIDEOMODEL",
          "link": 108
        },
        {
          "name": "image_embeds",
          "type": "WANVIDIMAGE_EMBEDS",
          "link": 172
        },
        {
          "name": "text_embeds",
          "shape": 7,
          "type": "WANVIDEOTEXTEMBEDS",
          "link": 294
        },
        {
          "name": "samples",
          "shape": 7,
          "type": "LATENT",
          "link": null
        },
        {
          "name": "feta_args",
          "shape": 7,
          "type": "FETAARGS",
          "link": null
        },
        {
          "name": "context_options",
          "shape": 7,
          "type": "WANVIDCONTEXT",
          "link": null
        },
        {
          "name": "cache_args",
          "shape": 7,
          "type": "CACHEARGS",
          "link": null
        },
        {
          "name": "flowedit_args",
          "shape": 7,
          "type": "FLOWEDITARGS",
          "link": null
        },
        {
          "name": "slg_args",
          "shape": 7,
          "type": "SLGARGS",
          "link": null
        },
        {
          "name": "loop_args",
          "shape": 7,
          "type": "LOOPARGS",
          "link": null
        },
        {
          "name": "experimental_args",
          "shape": 7,
          "type": "EXPERIMENTALARGS",
          "link": null
        },
        {
          "name": "sigmas",
          "shape": 7,
          "type": "SIGMAS",
          "link": null
        },
        {
          "name": "unianimate_poses",
          "shape": 7,
          "type": "UNIANIMATE_POSE",
          "link": null
        },
        {
          "name": "fantasytalking_embeds",
          "shape": 7,
          "type": "FANTASYTALKING_EMBEDS",
          "link": null
        },
        {
          "name": "uni3c_embeds",
          "shape": 7,
          "type": "UNI3C_EMBEDS",
          "link": null
        },
        {
          "name": "multitalk_embeds",
          "shape": 7,
          "type": "MULTITALK_EMBEDS",
          "link": null
        },
        {
          "name": "freeinit_args",
          "shape": 7,
          "type": "FREEINITARGS",
          "link": null
        }
      ],
      "outputs": [
        {
          "name": "samples",
          "type": "LATENT",
          "slot_index": 0,
          "links": [
            33
          ]
        },
        {
          "name": "denoised_samples",
          "type": "LATENT",
          "links": null
        }
      ],
      "properties": {
        "cnr_id": "ComfyUI-WanVideoWrapper",
        "ver": "d9b1f4d1a5aea91d101ae97a54714a5861af3f50",
        "Node name for S&R": "WanVideoSampler"
      },
      "widgets_values": [
        4,
        1,
        5,
        50,
        "fixed",
        true,
        "dpm++_sde",
        0,
        1,
        "",
        "comfy",
        0,
        -1,
        false,
        ""
      ]
    },
    {
      "id": 39,
      "type": "WanVideoBlockSwap",
      "pos": [
        709.6087646484375,
        -658.9224853515625
      ],
      "size": [
        315,
        202
      ],
      "flags": {},
      "order": 17,
      "mode": 0,
      "inputs": [],
      "outputs": [
        {
          "name": "block_swap_args",
          "type": "BLOCKSWAPARGS",
          "slot_index": 0,
          "links": [
            92
          ]
        }
      ],
      "properties": {
        "cnr_id": "ComfyUI-WanVideoWrapper",
        "ver": "d9b1f4d1a5aea91d101ae97a54714a5861af3f50",
        "Node name for S&R": "WanVideoBlockSwap"
      },
      "widgets_values": [
        20,
        false,
        false,
        false,
        0,
        1,
        false
      ],
      "color": "#223",
      "bgcolor": "#335"
    }
  ],
  "links": [
    [
      33,
      27,
      0,
      28,
      1,
      "LATENT"
    ],
    [
      43,
      38,
      0,
      28,
      0,
      "VAE"
    ],
    [
      52,
      48,
      0,
      49,
      0,
      "CLIP"
    ],
    [
      53,
      48,
      0,
      50,
      0,
      "CLIP"
    ],
    [
      54,
      49,
      0,
      46,
      0,
      "CONDITIONING"
    ],
    [
      55,
      50,
      0,
      46,
      1,
      "CONDITIONING"
    ],
    [
      90,
      22,
      0,
      70,
      0,
      "WANVIDEOMODEL"
    ],
    [
      92,
      39,
      0,
      70,
      1,
      "BLOCKSWAPARGS"
    ],
    [
      107,
      70,
      0,
      79,
      0,
      "WANVIDEOMODEL"
    ],
    [
      108,
      79,
      0,
      27,
      0,
      "WANVIDEOMODEL"
    ],
    [
      170,
      69,
      0,
      22,
      2,
      "WANVIDLORA"
    ],
    [
      171,
      103,
      0,
      102,
      0,
      "WANVIDIMAGE_EMBEDS"
    ],
    [
      172,
      102,
      0,
      27,
      1,
      "WANVIDIMAGE_EMBEDS"
    ],
    [
      174,
      104,
      0,
      102,
      1,
      "LATENT"
    ],
    [
      175,
      38,
      0,
      104,
      0,
      "WANVAE"
    ],
    [
      181,
      109,
      0,
      108,
      0,
      "IMAGE"
    ],
    [
      208,
      68,
      0,
      104,
      1,
      "IMAGE"
    ],
    [
      210,
      71,
      0,
      79,
      1,
      "WANVIDLORA"
    ],
    [
      215,
      68,
      0,
      121,
      0,
      "IMAGE"
    ],
    [
      217,
      122,
      0,
      74,
      0,
      "IMAGE"
    ],
    [
      218,
      28,
      0,
      122,
      0,
      "IMAGE"
    ],
    [
      219,
      68,
      0,
      122,
      1,
      "IMAGE"
    ],
    [
      220,
      123,
      0,
      103,
      2,
      "INT"
    ],
    [
      221,
      124,
      0,
      103,
      3,
      "INT"
    ],
    [
      222,
      125,
      0,
      103,
      4,
      "INT"
    ],
    [
      223,
      127,
      0,
      128,
      0,
      "REMBG_SESSION"
    ],
    [
      225,
      128,
      1,
      108,
      2,
      "MASK"
    ],
    [
      226,
      108,
      0,
      129,
      0,
      "IMAGE"
    ],
    [
      227,
      129,
      0,
      68,
      0,
      "IMAGE"
    ],
    [
      255,
      143,
      0,
      136,
      0,
      "IMAGE"
    ],
    [
      256,
      132,
      0,
      143,
      1,
      "MASK"
    ],
    [
      257,
      142,
      0,
      143,
      0,
      "IMAGE"
    ],
    [
      260,
      142,
      0,
      144,
      0,
      "IMAGE"
    ],
    [
      271,
      144,
      0,
      151,
      0,
      "IMAGE"
    ],
    [
      274,
      152,
      0,
      144,
      1,
      "INT"
    ],
    [
      275,
      152,
      0,
      151,
      1,
      "INT"
    ],
    [
      276,
      142,
      1,
      152,
      1,
      "INT"
    ],
    [
      277,
      142,
      2,
      152,
      2,
      "INT"
    ],
    [
      278,
      142,
      0,
      152,
      0,
      "IMAGE"
    ],
    [
      281,
      152,
      0,
      143,
      2,
      "INT"
    ],
    [
      282,
      143,
      0,
      128,
      1,
      "IMAGE"
    ],
    [
      283,
      143,
      0,
      108,
      1,
      "IMAGE"
    ],
    [
      284,
      132,
      0,
      153,
      0,
      "MASK"
    ],
    [
      291,
      151,
      0,
      132,
      0,
      "IMAGE"
    ],
    [
      292,
      58,
      0,
      142,
      0,
      "IMAGE"
    ],
    [
      294,
      159,
      0,
      27,
      2,
      "WANVIDEOTEXTEMBEDS"
    ]
  ],
  "groups": [
    {
      "id": 1,
      "title": "ComfyUI text encoding alternative",
      "bounding": [
        426.74566650390625,
        554.9851684570312,
        1210.621337890625,
        805.9080810546875
      ],
      "color": "#3f789e",
      "font_size": 24,
      "flags": {}
    },
    {
      "id": 2,
      "title": "Process input",
      "bounding": [
        -2188.7666015625,
        -386.891357421875,
        1921.2113037109375,
        1152.3975830078125
      ],
      "color": "#3f789e",
      "font_size": 24,
      "flags": {}
    }
  ],
  "config": {},
  "extra": {
    "ds": {
      "scale": 0.7627768444385473,
      "offset": [
        150.14488138757767,
        1060.2459615436592
      ]
    },
    "frontendVersion": "1.26.2",
    "node_versions": {
      "ComfyUI-WanVideoWrapper": "5a2383621a05825d0d0437781afcb8552d9590fd",
      "comfy-core": "0.3.26",
      "ComfyUI-KJNodes": "a5bd3c86c8ed6b83c55c2d0e7a59515b15a0137f",
      "ComfyUI-VideoHelperSuite": "0a75c7958fe320efcb052f1d9f8451fd20c730a8"
    },
    "VHS_latentpreview": true,
    "VHS_latentpreviewrate": 0,
    "VHS_MetadataImage": true,
    "VHS_KeepIntermediate": true
  },
  "version": 0.4
}