{"id":"4946ef67-8410-46e2-923e-8a349f32c7d8","revision":0,"last_node_id":115,"last_link_id":174,"nodes":[{"id":90,"type":"WanVideoExperimentalArgs","pos":[918.6209106445312,-165.79469299316406],"size":[308.767578125,274],"flags":{},"order":0,"mode":0,"inputs":[{"localized_name":"video_attention_split_steps","name":"video_attention_split_steps","type":"STRING","widget":{"name":"video_attention_split_steps"},"link":null},{"localized_name":"cfg_zero_star","name":"cfg_zero_star","type":"BOOLEAN","widget":{"name":"cfg_zero_star"},"link":null},{"localized_name":"use_zero_init","name":"use_zero_init","type":"BOOLEAN","widget":{"name":"use_zero_init"},"link":null},{"localized_name":"zero_star_steps","name":"zero_star_steps","type":"INT","widget":{"name":"zero_star_steps"},"link":null},{"localized_name":"use_fresca","name":"use_fresca","type":"BOOLEAN","widget":{"name":"use_fresca"},"link":null},{"localized_name":"fresca_scale_low","name":"fresca_scale_low","type":"FLOAT","widget":{"name":"fresca_scale_low"},"link":null},{"localized_name":"fresca_scale_high","name":"fresca_scale_high","type":"FLOAT","widget":{"name":"fresca_scale_high"},"link":null},{"localized_name":"fresca_freq_cutoff","name":"fresca_freq_cutoff","type":"INT","widget":{"name":"fresca_freq_cutoff"},"link":null},{"localized_name":"use_tcfg","name":"use_tcfg","type":"BOOLEAN","widget":{"name":"use_tcfg"},"link":null},{"localized_name":"raag_alpha","name":"raag_alpha","type":"FLOAT","widget":{"name":"raag_alpha"},"link":null}],"outputs":[{"localized_name":"exp_args","name":"exp_args","type":"EXPERIMENTALARGS","links":[139]}],"properties":{"cnr_id":"ComfyUI-WanVideoWrapper","ver":"3f4e8433bdc7adeba7166b40e10ffcb36670f15d","Node name for S&R":"WanVideoExperimentalArgs"},"widgets_values":["",true,false,0,false,1,1.25,20,true,0]},{"id":35,"type":"WanVideoTorchCompileSettings","pos":[-299.6842956542969,-839.0896606445312],"size":[390.5999755859375,202],"flags":{},"order":1,"mode":0,"inputs":[{"localized_name":"backend","name":"backend","type":"COMBO","widget":{"name":"backend"},"link":null},{"localized_name":"fullgraph","name":"fullgraph","type":"BOOLEAN","widget":{"name":"fullgraph"},"link":null},{"localized_name":"mode","name":"mode","type":"COMBO","widget":{"name":"mode"},"link":null},{"localized_name":"dynamic","name":"dynamic","type":"BOOLEAN","widget":{"name":"dynamic"},"link":null},{"localized_name":"dynamo_cache_size_limit","name":"dynamo_cache_size_limit","type":"INT","widget":{"name":"dynamo_cache_size_limit"},"link":null},{"localized_name":"compile_transformer_blocks_only","name":"compile_transformer_blocks_only","type":"BOOLEAN","widget":{"name":"compile_transformer_blocks_only"},"link":null},{"localized_name":"dynamo_recompile_limit","name":"dynamo_recompile_limit","shape":7,"type":"INT","widget":{"name":"dynamo_recompile_limit"},"link":null}],"outputs":[{"localized_name":"torch_compile_args","name":"torch_compile_args","type":"WANCOMPILEARGS","slot_index":0,"links":[121]}],"properties":{"cnr_id":"ComfyUI-WanVideoWrapper","ver":"d9b1f4d1a5aea91d101ae97a54714a5861af3f50","Node name for S&R":"WanVideoTorchCompileSettings"},"widgets_values":["inductor",false,"default",false,64,true,128],"color":"#223","bgcolor":"#335"},{"id":22,"type":"WanVideoModelLoader","pos":[157.20700073242188,-839.4575805664062],"size":[477.4410095214844,274],"flags":{},"order":11,"mode":0,"inputs":[{"localized_name":"compile_args","name":"compile_args","shape":7,"type":"WANCOMPILEARGS","link":121},{"localized_name":"block_swap_args","name":"block_swap_args","shape":7,"type":"BLOCKSWAPARGS","link":null},{"localized_name":"lora","name":"lora","shape":7,"type":"WANVIDLORA","link":null},{"localized_name":"vram_management_args","name":"vram_management_args","shape":7,"type":"VRAM_MANAGEMENTARGS","link":null},{"localized_name":"vace_model","name":"vace_model","shape":7,"type":"VACEPATH","link":null},{"localized_name":"fantasytalking_model","name":"fantasytalking_model","shape":7,"type":"FANTASYTALKINGMODEL","link":null},{"localized_name":"multitalk_model","name":"multitalk_model","shape":7,"type":"MULTITALKMODEL","link":null},{"localized_name":"model","name":"model","type":"COMBO","widget":{"name":"model"},"link":null},{"localized_name":"base_precision","name":"base_precision","type":"COMBO","widget":{"name":"base_precision"},"link":null},{"localized_name":"quantization","name":"quantization","type":"COMBO","widget":{"name":"quantization"},"link":null},{"localized_name":"load_device","name":"load_device","type":"COMBO","widget":{"name":"load_device"},"link":null},{"localized_name":"attention_mode","name":"attention_mode","shape":7,"type":"COMBO","widget":{"name":"attention_mode"},"link":null}],"outputs":[{"localized_name":"model","name":"model","type":"WANVIDEOMODEL","slot_index":0,"links":[157]}],"properties":{"cnr_id":"ComfyUI-WanVideoWrapper","ver":"d9b1f4d1a5aea91d101ae97a54714a5861af3f50","Node name for S&R":"WanVideoModelLoader"},"widgets_values":["Wan2_2-TI2V-5B-FastWanFullAttn_bf16.safetensors","fp16_fast","disabled","offload_device","sageattn"],"color":"#223","bgcolor":"#335"},{"id":103,"type":"WanVideoControlnetLoader","pos":[-254.50225830078125,-316.3340148925781],"size":[279.6499938964844,130],"flags":{},"order":2,"mode":0,"inputs":[{"localized_name":"model","name":"model","type":"COMBO","widget":{"name":"model"},"link":null},{"localized_name":"base_precision","name":"base_precision","type":"COMBO","widget":{"name":"base_precision"},"link":null},{"localized_name":"quantization","name":"quantization","type":"COMBO","widget":{"name":"quantization"},"link":null},{"localized_name":"load_device","name":"load_device","type":"COMBO","widget":{"name":"load_device"},"link":null}],"outputs":[{"localized_name":"controlnet","name":"controlnet","type":"WANVIDEOCONTROLNET","links":[155]}],"properties":{"cnr_id":"ComfyUI-WanVideoWrapper","ver":"a64d8bb0df21efdd933692f11231dbd4abc8d2dc","Node name for S&R":"WanVideoControlnetLoader"},"widgets_values":["wan2.2-ti2v-5b-controlnet-depth-v1/diffusion_pytorch_model.safetensors","bf16","disabled","main_device"]},{"id":105,"type":"WanVideoControlnet","pos":[648.239013671875,-835.1428833007812],"size":[276.6666564941406,170],"flags":{},"order":17,"mode":0,"inputs":[{"localized_name":"model","name":"model","type":"WANVIDEOMODEL","link":157},{"localized_name":"controlnet","name":"controlnet","type":"WANVIDEOCONTROLNET","link":155},{"localized_name":"control_images","name":"control_images","type":"IMAGE","link":165},{"localized_name":"strength","name":"strength","type":"FLOAT","widget":{"name":"strength"},"link":null},{"localized_name":"control_stride","name":"control_stride","type":"INT","widget":{"name":"control_stride"},"link":null},{"localized_name":"control_start_percent","name":"control_start_percent","type":"FLOAT","widget":{"name":"control_start_percent"},"link":null},{"localized_name":"control_end_percent","name":"control_end_percent","type":"FLOAT","widget":{"name":"control_end_percent"},"link":null}],"outputs":[{"localized_name":"model","name":"model","type":"WANVIDEOMODEL","links":[156,158]}],"properties":{"cnr_id":"ComfyUI-WanVideoWrapper","ver":"a64d8bb0df21efdd933692f11231dbd4abc8d2dc","Node name for S&R":"WanVideoControlnet"},"widgets_values":[1,3,0,1]},{"id":107,"type":"WanVideoEnhanceAVideo","pos":[935.4856567382812,-710.6886596679688],"size":[315,106],"flags":{},"order":3,"mode":0,"inputs":[{"localized_name":"weight","name":"weight","type":"FLOAT","widget":{"name":"weight"},"link":null},{"localized_name":"start_percent","name":"start_percent","type":"FLOAT","widget":{"name":"start_percent"},"link":null},{"localized_name":"end_percent","name":"end_percent","type":"FLOAT","widget":{"name":"end_percent"},"link":null}],"outputs":[{"localized_name":"feta_args","name":"feta_args","type":"FETAARGS","links":[160]}],"properties":{"cnr_id":"ComfyUI-WanVideoWrapper","ver":"5406a72f62adf4a31a8a0a0e4923cc5288399652","Node name for S&R":"WanVideoEnhanceAVideo"},"widgets_values":[2,0,1]},{"id":94,"type":"WanVideoEasyCache","pos":[959.7987670898438,-377.5003967285156],"size":[270,130],"flags":{},"order":4,"mode":0,"inputs":[{"localized_name":"easycache_thresh","name":"easycache_thresh","type":"FLOAT","widget":{"name":"easycache_thresh"},"link":null},{"localized_name":"start_step","name":"start_step","type":"INT","widget":{"name":"start_step"},"link":null},{"localized_name":"end_step","name":"end_step","type":"INT","widget":{"name":"end_step"},"link":null},{"localized_name":"cache_device","name":"cache_device","type":"COMBO","widget":{"name":"cache_device"},"link":null}],"outputs":[{"localized_name":"cache_args","name":"cache_args","type":"CACHEARGS","links":[141]}],"properties":{"cnr_id":"ComfyUI-WanVideoWrapper","ver":"3f4e8433bdc7adeba7166b40e10ffcb36670f15d","Node name for S&R":"WanVideoEasyCache"},"widgets_values":[0.015,10,-1,"offload_device"]},{"id":11,"type":"LoadWanVideoT5TextEncoder","pos":[161.7229461669922,-501.2225036621094],"size":[377.1661376953125,130],"flags":{},"order":5,"mode":0,"inputs":[{"localized_name":"model_name","name":"model_name","type":"COMBO","widget":{"name":"model_name"},"link":null},{"localized_name":"precision","name":"precision","type":"COMBO","widget":{"name":"precision"},"link":null},{"localized_name":"load_device","name":"load_device","shape":7,"type":"COMBO","widget":{"name":"load_device"},"link":null},{"localized_name":"quantization","name":"quantization","shape":7,"type":"COMBO","widget":{"name":"quantization"},"link":null}],"outputs":[{"localized_name":"wan_t5_model","name":"wan_t5_model","type":"WANTEXTENCODER","slot_index":0,"links":[15]}],"properties":{"cnr_id":"ComfyUI-WanVideoWrapper","ver":"d9b1f4d1a5aea91d101ae97a54714a5861af3f50","Node name for S&R":"LoadWanVideoT5TextEncoder"},"widgets_values":["umt5-xxl-enc-bf16.safetensors","bf16","offload_device","disabled"],"color":"#332922","bgcolor":"#593930"},{"id":104,"type":"MiDaS-DepthMapPreprocessor","pos":[-255.06285095214844,-94.92599487304688],"size":[270,106],"flags":{},"order":15,"mode":0,"inputs":[{"localized_name":"image","name":"image","type":"IMAGE","link":162},{"localized_name":"a","name":"a","shape":7,"type":"FLOAT","widget":{"name":"a"},"link":null},{"localized_name":"bg_threshold","name":"bg_threshold","shape":7,"type":"FLOAT","widget":{"name":"bg_threshold"},"link":null},{"localized_name":"resolution","name":"resolution","shape":7,"type":"INT","widget":{"name":"resolution"},"link":null}],"outputs":[{"localized_name":"IMAGE","name":"IMAGE","type":"IMAGE","links":[163]}],"properties":{"cnr_id":"comfyui_controlnet_aux","ver":"1.1.0","Node name for S&R":"MiDaS-DepthMapPreprocessor"},"widgets_values":[6.283185307179586,0.1,512]},{"id":27,"type":"WanVideoSampler","pos":[1315.2401123046875,-401.48028564453125],"size":[315,975],"flags":{},"order":20,"mode":0,"inputs":[{"localized_name":"model","name":"model","type":"WANVIDEOMODEL","link":156},{"localized_name":"image_embeds","name":"image_embeds","type":"WANVIDIMAGE_EMBEDS","link":159},{"localized_name":"text_embeds","name":"text_embeds","shape":7,"type":"WANVIDEOTEXTEMBEDS","link":30},{"localized_name":"samples","name":"samples","shape":7,"type":"LATENT","link":null},{"localized_name":"feta_args","name":"feta_args","shape":7,"type":"FETAARGS","link":160},{"localized_name":"context_options","name":"context_options","shape":7,"type":"WANVIDCONTEXT","link":null},{"localized_name":"cache_args","name":"cache_args","shape":7,"type":"CACHEARGS","link":141},{"localized_name":"flowedit_args","name":"flowedit_args","shape":7,"type":"FLOWEDITARGS","link":null},{"localized_name":"slg_args","name":"slg_args","shape":7,"type":"SLGARGS","link":166},{"localized_name":"loop_args","name":"loop_args","shape":7,"type":"LOOPARGS","link":null},{"localized_name":"experimental_args","name":"experimental_args","shape":7,"type":"EXPERIMENTALARGS","link":139},{"localized_name":"sigmas","name":"sigmas","shape":7,"type":"SIGMAS","link":null},{"localized_name":"unianimate_poses","name":"unianimate_poses","shape":7,"type":"UNIANIMATE_POSE","link":null},{"localized_name":"fantasytalking_embeds","name":"fantasytalking_embeds","shape":7,"type":"FANTASYTALKING_EMBEDS","link":null},{"localized_name":"uni3c_embeds","name":"uni3c_embeds","shape":7,"type":"UNI3C_EMBEDS","link":null},{"localized_name":"multitalk_embeds","name":"multitalk_embeds","shape":7,"type":"MULTITALK_EMBEDS","link":null},{"localized_name":"freeinit_args","name":"freeinit_args","shape":7,"type":"FREEINITARGS","link":null},{"localized_name":"steps","name":"steps","type":"INT","widget":{"name":"steps"},"link":null},{"localized_name":"cfg","name":"cfg","type":"FLOAT","widget":{"name":"cfg"},"link":null},{"localized_name":"shift","name":"shift","type":"FLOAT","widget":{"name":"shift"},"link":null},{"localized_name":"seed","name":"seed","type":"INT","widget":{"name":"seed"},"link":null},{"localized_name":"force_offload","name":"force_offload","type":"BOOLEAN","widget":{"name":"force_offload"},"link":null},{"localized_name":"scheduler","name":"scheduler","type":"COMBO","widget":{"name":"scheduler"},"link":null},{"localized_name":"riflex_freq_index","name":"riflex_freq_index","type":"INT","widget":{"name":"riflex_freq_index"},"link":null},{"localized_name":"denoise_strength","name":"denoise_strength","shape":7,"type":"FLOAT","widget":{"name":"denoise_strength"},"link":null},{"localized_name":"batched_cfg","name":"batched_cfg","shape":7,"type":"BOOLEAN","widget":{"name":"batched_cfg"},"link":null},{"localized_name":"rope_function","name":"rope_function","shape":7,"type":"COMBO","widget":{"name":"rope_function"},"link":null},{"localized_name":"start_step","name":"start_step","shape":7,"type":"INT","widget":{"name":"start_step"},"link":null},{"localized_name":"end_step","name":"end_step","shape":7,"type":"INT","widget":{"name":"end_step"},"link":null},{"localized_name":"add_noise_to_samples","name":"add_noise_to_samples","shape":7,"type":"BOOLEAN","widget":{"name":"add_noise_to_samples"},"link":null}],"outputs":[{"localized_name":"samples","name":"samples","type":"LATENT","slot_index":0,"links":[117]},{"localized_name":"denoised_samples","name":"denoised_samples","type":"LATENT","links":null}],"properties":{"cnr_id":"ComfyUI-WanVideoWrapper","ver":"d9b1f4d1a5aea91d101ae97a54714a5861af3f50","Node name for S&R":"WanVideoSampler"},"widgets_values":[30,5,8,47,"fixed",true,"flowmatch_pusa",0,1,"","comfy",0,-1,""]},{"id":91,"type":"WanVideoSLG","pos":[956.2327880859375,184.204833984375],"size":[270,106],"flags":{},"order":6,"mode":0,"inputs":[{"localized_name":"blocks","name":"blocks","type":"STRING","widget":{"name":"blocks"},"link":null},{"localized_name":"start_percent","name":"start_percent","type":"FLOAT","widget":{"name":"start_percent"},"link":null},{"localized_name":"end_percent","name":"end_percent","type":"FLOAT","widget":{"name":"end_percent"},"link":null}],"outputs":[{"localized_name":"slg_args","name":"slg_args","type":"SLGARGS","links":[166]}],"properties":{"cnr_id":"ComfyUI-WanVideoWrapper","ver":"3f4e8433bdc7adeba7166b40e10ffcb36670f15d","Node name for S&R":"WanVideoSLG"},"widgets_values":["7,8,9",0.1,0.7]},{"id":28,"type":"WanVideoDecode","pos":[1334.0367431640625,-669.4796142578125],"size":[315,198],"flags":{},"order":21,"mode":0,"inputs":[{"localized_name":"vae","name":"vae","type":"WANVAE","link":43},{"localized_name":"samples","name":"samples","type":"LATENT","link":117},{"localized_name":"enable_vae_tiling","name":"enable_vae_tiling","type":"BOOLEAN","widget":{"name":"enable_vae_tiling"},"link":null},{"localized_name":"tile_x","name":"tile_x","type":"INT","widget":{"name":"tile_x"},"link":null},{"localized_name":"tile_y","name":"tile_y","type":"INT","widget":{"name":"tile_y"},"link":null},{"localized_name":"tile_stride_x","name":"tile_stride_x","type":"INT","widget":{"name":"tile_stride_x"},"link":null},{"localized_name":"tile_stride_y","name":"tile_stride_y","type":"INT","widget":{"name":"tile_stride_y"},"link":null},{"localized_name":"normalization","name":"normalization","shape":7,"type":"COMBO","widget":{"name":"normalization"},"link":null}],"outputs":[{"localized_name":"images","name":"images","type":"IMAGE","slot_index":0,"links":[137]}],"properties":{"cnr_id":"ComfyUI-WanVideoWrapper","ver":"d9b1f4d1a5aea91d101ae97a54714a5861af3f50","Node name for S&R":"WanVideoDecode"},"widgets_values":[false,272,272,144,128,"default"],"color":"#322","bgcolor":"#533"},{"id":38,"type":"WanVideoVAELoader","pos":[158.0862579345703,-318.48004150390625],"size":[372.7727966308594,82],"flags":{},"order":7,"mode":0,"inputs":[{"localized_name":"compile_args","name":"compile_args","shape":7,"type":"WANCOMPILEARGS","link":null},{"localized_name":"model_name","name":"model_name","type":"COMBO","widget":{"name":"model_name"},"link":null},{"localized_name":"precision","name":"precision","shape":7,"type":"COMBO","widget":{"name":"precision"},"link":null}],"outputs":[{"localized_name":"vae","name":"vae","type":"WANVAE","slot_index":0,"links":[43]}],"properties":{"cnr_id":"ComfyUI-WanVideoWrapper","ver":"d9b1f4d1a5aea91d101ae97a54714a5861af3f50","Node name for S&R":"WanVideoVAELoader"},"widgets_values":["Wan2_2_VAE_bf16.safetensors","bf16"],"color":"#322","bgcolor":"#533"},{"id":92,"type":"VHS_VideoCombine","pos":[1707.63916015625,-672.8735961914062],"size":[934.6708984375,851.0689697265625],"flags":{},"order":22,"mode":0,"inputs":[{"localized_name":"images","name":"images","type":"IMAGE","link":137},{"localized_name":"audio","name":"audio","shape":7,"type":"AUDIO","link":null},{"localized_name":"meta_batch","name":"meta_batch","shape":7,"type":"VHS_BatchManager","link":null},{"localized_name":"vae","name":"vae","shape":7,"type":"VAE","link":null},{"localized_name":"frame_rate","name":"frame_rate","type":"FLOAT","widget":{"name":"frame_rate"},"link":null},{"localized_name":"loop_count","name":"loop_count","type":"INT","widget":{"name":"loop_count"},"link":null},{"localized_name":"filename_prefix","name":"filename_prefix","type":"STRING","widget":{"name":"filename_prefix"},"link":null},{"localized_name":"format","name":"format","type":"COMBO","widget":{"name":"format"},"link":null},{"localized_name":"pingpong","name":"pingpong","type":"BOOLEAN","widget":{"name":"pingpong"},"link":null},{"localized_name":"save_output","name":"save_output","type":"BOOLEAN","widget":{"name":"save_output"},"link":null},{"name":"pix_fmt","type":["yuv420p","yuv420p10le"],"widget":{"name":"pix_fmt"},"link":null},{"name":"crf","type":"INT","widget":{"name":"crf"},"link":null},{"name":"save_metadata","type":"BOOLEAN","widget":{"name":"save_metadata"},"link":null},{"name":"trim_to_audio","type":"BOOLEAN","widget":{"name":"trim_to_audio"},"link":null}],"outputs":[{"localized_name":"Filenames","name":"Filenames","type":"VHS_FILENAMES","links":null}],"properties":{"cnr_id":"comfyui-videohelpersuite","ver":"0a75c7958fe320efcb052f1d9f8451fd20c730a8","Node name for S&R":"VHS_VideoCombine"},"widgets_values":{"frame_rate":24,"loop_count":0,"filename_prefix":"WanVideoWrapper_5BI2V","format":"video/h264-mp4","pix_fmt":"yuv420p","crf":19,"save_metadata":true,"trim_to_audio":false,"pingpong":false,"save_output":false,"videopreview":{"hidden":false,"paused":false,"params":{"filename":"WanVideoWrapper_5BI2V_00004.mp4","subfolder":"","type":"temp","format":"video/h264-mp4","frame_rate":24,"workflow":"WanVideoWrapper_5BI2V_00004.png","fullpath":"/home/user/Projects/ComfyUI/temp/WanVideoWrapper_5BI2V_00004.mp4"}}}},{"id":16,"type":"WanVideoTextEncode","pos":[426.97998046875,-157.42312622070312],"size":[453.0067138671875,328.0239562988281],"flags":{},"order":19,"mode":0,"inputs":[{"localized_name":"t5","name":"t5","shape":7,"type":"WANTEXTENCODER","link":15},{"localized_name":"model_to_offload","name":"model_to_offload","shape":7,"type":"WANVIDEOMODEL","link":158},{"localized_name":"positive_prompt","name":"positive_prompt","type":"STRING","widget":{"name":"positive_prompt"},"link":null},{"localized_name":"negative_prompt","name":"negative_prompt","type":"STRING","widget":{"name":"negative_prompt"},"link":null},{"localized_name":"force_offload","name":"force_offload","shape":7,"type":"BOOLEAN","widget":{"name":"force_offload"},"link":null},{"localized_name":"use_disk_cache","name":"use_disk_cache","shape":7,"type":"BOOLEAN","widget":{"name":"use_disk_cache"},"link":null},{"localized_name":"device","name":"device","shape":7,"type":"COMBO","widget":{"name":"device"},"link":null}],"outputs":[{"localized_name":"text_embeds","name":"text_embeds","type":"WANVIDEOTEXTEMBEDS","slot_index":0,"links":[30]}],"properties":{"cnr_id":"ComfyUI-WanVideoWrapper","ver":"d9b1f4d1a5aea91d101ae97a54714a5861af3f50","Node name for S&R":"WanVideoTextEncode"},"widgets_values":["Close-up shot with soft lighting, focusing sharply on the lower half of a young woman's face. Her lips are slightly parted as she blows an enormous bubblegum bubble. The bubble is semi-transparent, shimmering gently under the light, and surprisingly contains a miniature aquarium inside, where two orange-and-white goldfish slowly swim, their fins delicately fluttering as if in an aquatic universe. The background is a pure light blue color.","Bright tones, overexposed, static, blurred details, subtitles, style, works, paintings, images, static, overall gray, worst quality, low quality, JPEG compression residue, ugly, incomplete, extra fingers, poorly drawn hands, poorly drawn faces, deformed, disfigured, misshapen limbs, fused fingers, still picture, messy background, three legs, many people in the background, walking backwards\"",true,false,"gpu"],"color":"#332922","bgcolor":"#593930"},{"id":98,"type":"VHS_LoadVideo","pos":[-835.6665649414062,-96.24312591552734],"size":[251.03334045410156,584.0375366210938],"flags":{},"order":12,"mode":0,"inputs":[{"localized_name":"meta_batch","name":"meta_batch","shape":7,"type":"VHS_BatchManager","link":null},{"localized_name":"vae","name":"vae","shape":7,"type":"VAE","link":null},{"localized_name":"video","name":"video","type":"COMBO","widget":{"name":"video"},"link":null},{"localized_name":"force_rate","name":"force_rate","type":"FLOAT","widget":{"name":"force_rate"},"link":null},{"localized_name":"custom_width","name":"custom_width","type":"INT","widget":{"name":"custom_width"},"link":null},{"localized_name":"custom_height","name":"custom_height","type":"INT","widget":{"name":"custom_height"},"link":null},{"localized_name":"frame_load_cap","name":"frame_load_cap","type":"INT","widget":{"name":"frame_load_cap"},"link":168},{"localized_name":"skip_first_frames","name":"skip_first_frames","type":"INT","widget":{"name":"skip_first_frames"},"link":null},{"localized_name":"select_every_nth","name":"select_every_nth","type":"INT","widget":{"name":"select_every_nth"},"link":null},{"localized_name":"format","name":"format","shape":7,"type":"COMBO","widget":{"name":"format"},"link":null}],"outputs":[{"localized_name":"IMAGE","name":"IMAGE","type":"IMAGE","slot_index":0,"links":[151]},{"localized_name":"frame_count","name":"frame_count","type":"INT","links":null},{"localized_name":"audio","name":"audio","type":"AUDIO","links":null},{"localized_name":"video_info","name":"video_info","type":"VHS_VIDEOINFO","links":null}],"properties":{"cnr_id":"comfyui-videohelpersuite","ver":"8e4d79471bf1952154768e8435a9300077b534fa","Node name for S&R":"VHS_LoadVideo"},"widgets_values":{"video":"bubble.mp4","force_rate":0,"custom_width":0,"custom_height":0,"frame_load_cap":81,"skip_first_frames":0,"select_every_nth":1,"format":"Wan","choose video to upload":"image","videopreview":{"hidden":false,"paused":false,"params":{"frame_load_cap":81,"skip_first_frames":0,"force_rate":0,"filename":"bubble.mp4","type":"input","format":"video/mp4","select_every_nth":1},"muted":false}}},{"id":112,"type":"PreviewAnimation","pos":[409.0210266113281,243.06141662597656],"size":[270,225.7692108154297],"flags":{},"order":18,"mode":0,"inputs":[{"localized_name":"images","name":"images","shape":7,"type":"IMAGE","link":167},{"localized_name":"masks","name":"masks","shape":7,"type":"MASK","link":null},{"localized_name":"fps","name":"fps","type":"FLOAT","widget":{"name":"fps"},"link":null}],"outputs":[],"title":"Preview Animation 121x1280x704","properties":{"cnr_id":"comfyui-kjnodes","ver":"87d0cf42db7d59992daba4d58a83655b5b359f44","Node name for S&R":"PreviewAnimation"},"widgets_values":[24]},{"id":101,"type":"ImageResizeKJv2","pos":[-555.3539428710938,-96.24312591552734],"size":[270,336],"flags":{},"order":14,"mode":0,"inputs":[{"localized_name":"image","name":"image","type":"IMAGE","link":151},{"localized_name":"mask","name":"mask","shape":7,"type":"MASK","link":null},{"localized_name":"width","name":"width","type":"INT","widget":{"name":"width"},"link":170},{"localized_name":"height","name":"height","type":"INT","widget":{"name":"height"},"link":169},{"localized_name":"upscale_method","name":"upscale_method","type":"COMBO","widget":{"name":"upscale_method"},"link":null},{"localized_name":"keep_proportion","name":"keep_proportion","type":"COMBO","widget":{"name":"keep_proportion"},"link":null},{"localized_name":"pad_color","name":"pad_color","type":"STRING","widget":{"name":"pad_color"},"link":null},{"localized_name":"crop_position","name":"crop_position","type":"COMBO","widget":{"name":"crop_position"},"link":null},{"localized_name":"divisible_by","name":"divisible_by","type":"INT","widget":{"name":"divisible_by"},"link":null},{"localized_name":"device","name":"device","shape":7,"type":"COMBO","widget":{"name":"device"},"link":null}],"outputs":[{"localized_name":"IMAGE","name":"IMAGE","type":"IMAGE","links":[162]},{"localized_name":"width","name":"width","type":"INT","links":null},{"localized_name":"height","name":"height","type":"INT","links":null},{"localized_name":"mask","name":"mask","type":"MASK","links":null}],"properties":{"cnr_id":"comfyui-kjnodes","ver":"87d0cf42db7d59992daba4d58a83655b5b359f44","Node name for S&R":"ImageResizeKJv2"},"widgets_values":[1280,704,"nearest-exact","stretch","0, 0, 0","center",2,"cpu"]},{"id":106,"type":"WanVideoEmptyEmbeds","pos":[934.6461181640625,-557.141357421875],"size":[315,126],"flags":{},"order":13,"mode":0,"inputs":[{"localized_name":"control_embeds","name":"control_embeds","shape":7,"type":"WANVIDIMAGE_EMBEDS","link":null},{"localized_name":"extra_latents","name":"extra_latents","shape":7,"type":"LATENT","link":null},{"localized_name":"width","name":"width","type":"INT","widget":{"name":"width"},"link":173},{"localized_name":"height","name":"height","type":"INT","widget":{"name":"height"},"link":174},{"localized_name":"num_frames","name":"num_frames","type":"INT","widget":{"name":"num_frames"},"link":null}],"outputs":[{"localized_name":"image_embeds","name":"image_embeds","type":"WANVIDIMAGE_EMBEDS","links":[159]}],"properties":{"cnr_id":"ComfyUI-WanVideoWrapper","ver":"5406a72f62adf4a31a8a0a0e4923cc5288399652","Node name for S&R":"WanVideoEmptyEmbeds"},"widgets_values":[1280,704,81]},{"id":109,"type":"ImageResizeKJv2","pos":[42.38235092163086,-97.98213958740234],"size":[270,336],"flags":{},"order":16,"mode":0,"inputs":[{"localized_name":"image","name":"image","type":"IMAGE","link":163},{"localized_name":"mask","name":"mask","shape":7,"type":"MASK","link":null},{"localized_name":"width","name":"width","type":"INT","widget":{"name":"width"},"link":171},{"localized_name":"height","name":"height","type":"INT","widget":{"name":"height"},"link":172},{"localized_name":"upscale_method","name":"upscale_method","type":"COMBO","widget":{"name":"upscale_method"},"link":null},{"localized_name":"keep_proportion","name":"keep_proportion","type":"COMBO","widget":{"name":"keep_proportion"},"link":null},{"localized_name":"pad_color","name":"pad_color","type":"STRING","widget":{"name":"pad_color"},"link":null},{"localized_name":"crop_position","name":"crop_position","type":"COMBO","widget":{"name":"crop_position"},"link":null},{"localized_name":"divisible_by","name":"divisible_by","type":"INT","widget":{"name":"divisible_by"},"link":null},{"localized_name":"device","name":"device","shape":7,"type":"COMBO","widget":{"name":"device"},"link":null}],"outputs":[{"localized_name":"IMAGE","name":"IMAGE","type":"IMAGE","links":[165,167]},{"localized_name":"width","name":"width","type":"INT","links":null},{"localized_name":"height","name":"height","type":"INT","links":null},{"localized_name":"mask","name":"mask","type":"MASK","links":null}],"properties":{"cnr_id":"comfyui-kjnodes","ver":"87d0cf42db7d59992daba4d58a83655b5b359f44","Node name for S&R":"ImageResizeKJv2"},"widgets_values":[1280,704,"nearest-exact","stretch","0, 0, 0","center",2,"cpu"]},{"id":113,"type":"INTConstant","pos":[-1121.7677001953125,137.1903839111328],"size":[210,58],"flags":{},"order":8,"mode":0,"inputs":[{"localized_name":"value","name":"value","type":"INT","widget":{"name":"value"},"link":null}],"outputs":[{"localized_name":"value","name":"value","type":"INT","links":[168]}],"title":"FRAMES COUNT","properties":{"cnr_id":"comfyui-kjnodes","ver":"87d0cf42db7d59992daba4d58a83655b5b359f44","Node name for S&R":"INTConstant"},"widgets_values":[121],"color":"#1b4669","bgcolor":"#29699c"},{"id":115,"type":"INTConstant","pos":[-1122.5638427734375,-94.90910339355469],"size":[210,58],"flags":{},"order":9,"mode":0,"inputs":[{"localized_name":"value","name":"value","type":"INT","widget":{"name":"value"},"link":null}],"outputs":[{"localized_name":"value","name":"value","type":"INT","links":[170,171,173]}],"title":"WIDTH","properties":{"cnr_id":"comfyui-kjnodes","ver":"87d0cf42db7d59992daba4d58a83655b5b359f44","Node name for S&R":"INTConstant"},"widgets_values":[1280],"color":"#1b4669","bgcolor":"#29699c"},{"id":114,"type":"INTConstant","pos":[-1122.0350341796875,21.484495162963867],"size":[210,58],"flags":{},"order":10,"mode":0,"inputs":[{"localized_name":"value","name":"value","type":"INT","widget":{"name":"value"},"link":null}],"outputs":[{"localized_name":"value","name":"value","type":"INT","links":[169,172,174]}],"title":"HEIGHT","properties":{"cnr_id":"comfyui-kjnodes","ver":"87d0cf42db7d59992daba4d58a83655b5b359f44","Node name for S&R":"INTConstant"},"widgets_values":[704],"color":"#1b4669","bgcolor":"#29699c"}],"links":[[15,11,0,16,0,"WANTEXTENCODER"],[30,16,0,27,2,"WANVIDEOTEXTEMBEDS"],[43,38,0,28,0,"VAE"],[117,27,0,28,1,"LATENT"],[121,35,0,22,0,"WANCOMPILEARGS"],[137,28,0,92,0,"IMAGE"],[139,90,0,27,10,"EXPERIMENTALARGS"],[141,94,0,27,6,"CACHEARGS"],[151,98,0,101,0,"IMAGE"],[155,103,0,105,1,"WANVIDEOCONTROLNET"],[156,105,0,27,0,"WANVIDEOMODEL"],[157,22,0,105,0,"WANVIDEOMODEL"],[158,105,0,16,1,"WANVIDEOMODEL"],[159,106,0,27,1,"WANVIDIMAGE_EMBEDS"],[160,107,0,27,4,"FETAARGS"],[162,101,0,104,0,"IMAGE"],[163,104,0,109,0,"IMAGE"],[165,109,0,105,2,"IMAGE"],[166,91,0,27,8,"SLGARGS"],[167,109,0,112,0,"IMAGE"],[168,113,0,98,6,"INT"],[169,114,0,101,3,"INT"],[170,115,0,101,2,"INT"],[171,115,0,109,2,"INT"],[172,114,0,109,3,"INT"],[173,115,0,106,2,"INT"],[174,114,0,106,3,"INT"]],"groups":[],"config":{},"extra":{"ds":{"scale":0.5559917313492646,"offset":[1427.972621758189,691.9322991885872]},"frontendVersion":"1.25.1","node_versions":{"ComfyUI-WanVideoWrapper":"5a2383621a05825d0d0437781afcb8552d9590fd","comfy-core":"0.3.26","ComfyUI-KJNodes":"a5bd3c86c8ed6b83c55c2d0e7a59515b15a0137f","ComfyUI-VideoHelperSuite":"0a75c7958fe320efcb052f1d9f8451fd20c730a8"},"VHS_latentpreview":true,"VHS_latentpreviewrate":0,"VHS_MetadataImage":true,"VHS_KeepIntermediate":true},"version":0.4}