{
  "id": "8b7a9a57-2303-4ef5-9fc2-bf41713bd1fc",
  "revision": 0,
  "last_node_id": 185,
  "last_link_id": 321,
  "nodes": [
    {
      "id": 66,
      "type": "ImageConcatMulti",
      "pos": [
        2660.1005859375,
        -950.2750244140625
      ],
      "size": [
        270,
        150
      ],
      "flags": {},
      "order": 59,
      "mode": 0,
      "inputs": [
        {
          "name": "image_1",
          "type": "IMAGE",
          "link": 87
        },
        {
          "name": "image_2",
          "shape": 7,
          "type": "IMAGE",
          "link": 107
        }
      ],
      "outputs": [
        {
          "name": "images",
          "type": "IMAGE",
          "links": [
            89
          ]
        }
      ],
      "properties": {
        "cnr_id": "comfyui-kjnodes",
        "ver": "468fcc86f0b29e79a8510e8239eb15714d6747a6"
      },
      "widgets_values": [
        2,
        "left",
        true,
        null
      ]
    },
    {
      "id": 137,
      "type": "GetNode",
      "pos": [
        2441.813232421875,
        -1173.92919921875
      ],
      "size": [
        210,
        60
      ],
      "flags": {
        "collapsed": true
      },
      "order": 0,
      "mode": 0,
      "inputs": [],
      "outputs": [
        {
          "name": "IMAGE",
          "type": "IMAGE",
          "links": [
            239
          ]
        }
      ],
      "title": "Get_face_images",
      "properties": {},
      "widgets_values": [
        "face_images"
      ],
      "color": "#2a363b",
      "bgcolor": "#3f5159"
    },
    {
      "id": 140,
      "type": "GetNode",
      "pos": [
        2441.813232421875,
        -1124.576904296875
      ],
      "size": [
        210,
        60
      ],
      "flags": {
        "collapsed": true
      },
      "order": 1,
      "mode": 0,
      "inputs": [],
      "outputs": [
        {
          "name": "IMAGE",
          "type": "IMAGE",
          "links": [
            243
          ]
        }
      ],
      "title": "Get_pose_images",
      "properties": {},
      "widgets_values": [
        "pose_images"
      ],
      "color": "#2a363b",
      "bgcolor": "#3f5159"
    },
    {
      "id": 134,
      "type": "GetNode",
      "pos": [
        2443.561279296875,
        -1227.2171630859375
      ],
      "size": [
        210,
        34
      ],
      "flags": {
        "collapsed": true
      },
      "order": 2,
      "mode": 0,
      "inputs": [],
      "outputs": [
        {
          "name": "IMAGE",
          "type": "IMAGE",
          "links": [
            236
          ]
        }
      ],
      "title": "Get_reference_image",
      "properties": {},
      "widgets_values": [
        "reference_image"
      ],
      "color": "#2a363b",
      "bgcolor": "#3f5159"
    },
    {
      "id": 148,
      "type": "SetNode",
      "pos": [
        -548.7736206054688,
        -2964.476318359375
      ],
      "size": [
        210,
        60
      ],
      "flags": {
        "collapsed": true
      },
      "order": 45,
      "mode": 0,
      "inputs": [
        {
          "name": "AUDIO",
          "type": "AUDIO",
          "link": 255
        }
      ],
      "outputs": [
        {
          "name": "*",
          "type": "*",
          "links": null
        }
      ],
      "title": "Set_input_audio",
      "properties": {
        "previousName": "input_audio"
      },
      "widgets_values": [
        "input_audio"
      ]
    },
    {
      "id": 149,
      "type": "GetNode",
      "pos": [
        3043.859130859375,
        -1156.882080078125
      ],
      "size": [
        210,
        60
      ],
      "flags": {
        "collapsed": true
      },
      "order": 3,
      "mode": 0,
      "inputs": [],
      "outputs": [
        {
          "name": "AUDIO",
          "type": "AUDIO",
          "links": [
            256
          ]
        }
      ],
      "title": "Get_input_audio",
      "properties": {},
      "widgets_values": [
        "input_audio"
      ]
    },
    {
      "id": 153,
      "type": "SetNode",
      "pos": [
        -1605.1839599609375,
        -2832.218994140625
      ],
      "size": [
        210,
        60
      ],
      "flags": {
        "collapsed": true
      },
      "order": 39,
      "mode": 0,
      "inputs": [
        {
          "name": "INT",
          "type": "INT",
          "link": 263
        }
      ],
      "outputs": [
        {
          "name": "*",
          "type": "*",
          "links": null
        }
      ],
      "title": "Set_width",
      "properties": {
        "previousName": "width"
      },
      "widgets_values": [
        "width"
      ],
      "color": "#1b4669",
      "bgcolor": "#29699c"
    },
    {
      "id": 155,
      "type": "GetNode",
      "pos": [
        1319.8330078125,
        -167.58360290527344
      ],
      "size": [
        210,
        60
      ],
      "flags": {
        "collapsed": true
      },
      "order": 4,
      "mode": 0,
      "inputs": [],
      "outputs": [
        {
          "name": "INT",
          "type": "INT",
          "links": [
            265
          ]
        }
      ],
      "title": "Get_width",
      "properties": {},
      "widgets_values": [
        "width"
      ],
      "color": "#1b4669",
      "bgcolor": "#29699c"
    },
    {
      "id": 156,
      "type": "GetNode",
      "pos": [
        1319.8330078125,
        -117.76973724365234
      ],
      "size": [
        210,
        50
      ],
      "flags": {
        "collapsed": true
      },
      "order": 5,
      "mode": 0,
      "inputs": [],
      "outputs": [
        {
          "name": "INT",
          "type": "INT",
          "links": [
            266
          ]
        }
      ],
      "title": "Get_height",
      "properties": {},
      "widgets_values": [
        "height"
      ],
      "color": "#1b4669",
      "bgcolor": "#29699c"
    },
    {
      "id": 154,
      "type": "SetNode",
      "pos": [
        -1617.8741455078125,
        -2533.993408203125
      ],
      "size": [
        210,
        60
      ],
      "flags": {
        "collapsed": true
      },
      "order": 37,
      "mode": 0,
      "inputs": [
        {
          "name": "INT",
          "type": "INT",
          "link": 264
        }
      ],
      "outputs": [
        {
          "name": "*",
          "type": "*",
          "links": null
        }
      ],
      "title": "Set_height",
      "properties": {
        "previousName": "height"
      },
      "widgets_values": [
        "height"
      ],
      "color": "#1b4669",
      "bgcolor": "#29699c"
    },
    {
      "id": 63,
      "type": "VHS_LoadVideo",
      "pos": [
        -876.9246826171875,
        -3084.905517578125
      ],
      "size": [
        315.8014221191406,
        491.6708679199219
      ],
      "flags": {},
      "order": 38,
      "mode": 0,
      "inputs": [
        {
          "name": "meta_batch",
          "shape": 7,
          "type": "VHS_BatchManager",
          "link": null
        },
        {
          "name": "vae",
          "shape": 7,
          "type": "VAE",
          "link": null
        },
        {
          "name": "custom_width",
          "type": "INT",
          "widget": {
            "name": "custom_width"
          },
          "link": 257
        },
        {
          "name": "custom_height",
          "type": "INT",
          "widget": {
            "name": "custom_height"
          },
          "link": 258
        }
      ],
      "outputs": [
        {
          "name": "IMAGE",
          "type": "IMAGE",
          "links": [
            248
          ]
        },
        {
          "name": "frame_count",
          "type": "INT",
          "links": [
            267
          ]
        },
        {
          "name": "audio",
          "type": "AUDIO",
          "links": [
            255
          ]
        },
        {
          "name": "video_info",
          "type": "VHS_VIDEOINFO",
          "links": null
        }
      ],
      "properties": {
        "cnr_id": "comfyui-videohelpersuite",
        "ver": "8e4d79471bf1952154768e8435a9300077b534fa",
        "Node name for S&R": "VHS_LoadVideo"
      },
      "widgets_values": {
        "video": "raw.mp4",
        "force_rate": 16,
        "custom_width": 960,
        "custom_height": 544,
        "frame_load_cap": 0,
        "skip_first_frames": 0,
        "select_every_nth": 1,
        "format": "AnimateDiff",
        "choose video to upload": "image",
        "videopreview": {
          "hidden": false,
          "paused": false,
          "params": {
            "filename": "raw.mp4",
            "type": "input",
            "format": "video/mp4",
            "force_rate": 16,
            "custom_width": 960,
            "custom_height": 544,
            "frame_load_cap": 0,
            "skip_first_frames": 0,
            "select_every_nth": 1
          }
        }
      }
    },
    {
      "id": 158,
      "type": "GetNode",
      "pos": [
        1319.8330078125,
        -70.84321594238281
      ],
      "size": [
        210,
        60
      ],
      "flags": {
        "collapsed": true
      },
      "order": 6,
      "mode": 0,
      "inputs": [],
      "outputs": [
        {
          "name": "INT",
          "type": "INT",
          "links": [
            268
          ]
        }
      ],
      "title": "Get_frame_count",
      "properties": {},
      "widgets_values": [
        "frame_count"
      ],
      "color": "#1b4669",
      "bgcolor": "#29699c"
    },
    {
      "id": 131,
      "type": "GetNode",
      "pos": [
        1319.8330078125,
        -266.1221923828125
      ],
      "size": [
        210,
        60
      ],
      "flags": {
        "collapsed": true
      },
      "order": 7,
      "mode": 0,
      "inputs": [],
      "outputs": [
        {
          "name": "IMAGE",
          "type": "IMAGE",
          "links": [
            234
          ]
        }
      ],
      "title": "Get_background_image",
      "properties": {},
      "widgets_values": [
        "background_image"
      ],
      "color": "#2a363b",
      "bgcolor": "#3f5159"
    },
    {
      "id": 143,
      "type": "GetNode",
      "pos": [
        1319.8330078125,
        -213.2382354736328
      ],
      "size": [
        210,
        60
      ],
      "flags": {
        "collapsed": true
      },
      "order": 8,
      "mode": 0,
      "inputs": [],
      "outputs": [
        {
          "name": "MASK",
          "type": "MASK",
          "links": [
            247
          ]
        }
      ],
      "title": "Get_mask",
      "properties": {},
      "widgets_values": [
        "mask"
      ],
      "color": "#1c5715",
      "bgcolor": "#1f401b"
    },
    {
      "id": 157,
      "type": "SetNode",
      "pos": [
        -528.8223266601562,
        -3030.21337890625
      ],
      "size": [
        210,
        60
      ],
      "flags": {
        "collapsed": true
      },
      "order": 44,
      "mode": 0,
      "inputs": [
        {
          "name": "INT",
          "type": "INT",
          "link": 267
        }
      ],
      "outputs": [
        {
          "name": "*",
          "type": "*",
          "links": null
        }
      ],
      "title": "Set_frame_count",
      "properties": {
        "previousName": "frame_count"
      },
      "widgets_values": [
        "frame_count"
      ],
      "color": "#1b4669",
      "bgcolor": "#29699c"
    },
    {
      "id": 144,
      "type": "SetNode",
      "pos": [
        -522.720947265625,
        -3107.148681640625
      ],
      "size": [
        210,
        60
      ],
      "flags": {
        "collapsed": true
      },
      "order": 43,
      "mode": 0,
      "inputs": [
        {
          "name": "IMAGE",
          "type": "IMAGE",
          "link": 248
        }
      ],
      "outputs": [
        {
          "name": "*",
          "type": "*",
          "links": [
            306
          ]
        }
      ],
      "title": "Set_input_video",
      "properties": {
        "previousName": "input_video"
      },
      "widgets_values": [
        "input_video"
      ],
      "color": "#2a363b",
      "bgcolor": "#3f5159"
    },
    {
      "id": 128,
      "type": "SetNode",
      "pos": [
        -459.54620361328125,
        -1650.783935546875
      ],
      "size": [
        210,
        60
      ],
      "flags": {
        "collapsed": true
      },
      "order": 46,
      "mode": 0,
      "inputs": [
        {
          "name": "IMAGE",
          "type": "IMAGE",
          "link": 231
        }
      ],
      "outputs": [
        {
          "name": "*",
          "type": "*",
          "links": null
        }
      ],
      "title": "Set_reference_image",
      "properties": {
        "previousName": "reference_image"
      },
      "widgets_values": [
        "reference_image"
      ],
      "color": "#2a363b",
      "bgcolor": "#3f5159"
    },
    {
      "id": 64,
      "type": "ImageResizeKJv2",
      "pos": [
        -772.3116455078125,
        -1675.555419921875
      ],
      "size": [
        270,
        336
      ],
      "flags": {},
      "order": 40,
      "mode": 0,
      "inputs": [
        {
          "name": "image",
          "type": "IMAGE",
          "link": 82
        },
        {
          "name": "mask",
          "shape": 7,
          "type": "MASK",
          "link": null
        },
        {
          "name": "width",
          "type": "INT",
          "widget": {
            "name": "width"
          },
          "link": 286
        },
        {
          "name": "height",
          "type": "INT",
          "widget": {
            "name": "height"
          },
          "link": 287
        }
      ],
      "outputs": [
        {
          "name": "IMAGE",
          "type": "IMAGE",
          "links": [
            231
          ]
        },
        {
          "name": "width",
          "type": "INT",
          "links": []
        },
        {
          "name": "height",
          "type": "INT",
          "links": []
        },
        {
          "name": "mask",
          "type": "MASK",
          "links": null
        }
      ],
      "properties": {
        "cnr_id": "comfyui-kjnodes",
        "ver": "468fcc86f0b29e79a8510e8239eb15714d6747a6",
        "Node name for S&R": "ImageResizeKJv2"
      },
      "widgets_values": [
        832,
        480,
        "lanczos",
        "pad_edge_pixel",
        "0, 0, 0",
        "top",
        16,
        "cpu",
        "<tr><td>Output: </td><td><b>1</b> x <b>832</b> x <b>480 | 4.57MB</b></td></tr>"
      ]
    },
    {
      "id": 57,
      "type": "LoadImage",
      "pos": [
        -1116.435791015625,
        -1679.51318359375
      ],
      "size": [
        274.080078125,
        314
      ],
      "flags": {},
      "order": 9,
      "mode": 0,
      "inputs": [],
      "outputs": [
        {
          "name": "IMAGE",
          "type": "IMAGE",
          "links": [
            82
          ]
        },
        {
          "name": "MASK",
          "type": "MASK",
          "links": null
        }
      ],
      "properties": {
        "cnr_id": "comfy-core",
        "ver": "0.3.57",
        "Node name for S&R": "LoadImage"
      },
      "widgets_values": [
        "refer.jpeg",
        "image"
      ]
    },
    {
      "id": 142,
      "type": "SetNode",
      "pos": [
        1086.6927490234375,
        -2124.5263671875
      ],
      "size": [
        210,
        60
      ],
      "flags": {
        "collapsed": true
      },
      "order": 63,
      "mode": 0,
      "inputs": [
        {
          "name": "MASK",
          "type": "MASK",
          "link": 245
        }
      ],
      "outputs": [
        {
          "name": "MASK",
          "type": "MASK",
          "links": [
            246
          ]
        }
      ],
      "title": "Set_mask",
      "properties": {
        "previousName": "mask"
      },
      "widgets_values": [
        "mask"
      ],
      "color": "#1c5715",
      "bgcolor": "#1f401b"
    },
    {
      "id": 99,
      "type": "DrawMaskOnImage",
      "pos": [
        1222.5340576171875,
        -2132.91455078125
      ],
      "size": [
        270,
        78
      ],
      "flags": {},
      "order": 64,
      "mode": 0,
      "inputs": [
        {
          "name": "image",
          "type": "IMAGE",
          "link": 250
        },
        {
          "name": "mask",
          "type": "MASK",
          "link": 246
        }
      ],
      "outputs": [
        {
          "name": "images",
          "type": "IMAGE",
          "links": [
            233
          ]
        }
      ],
      "properties": {
        "cnr_id": "comfyui-kjnodes",
        "ver": "623b5913dc7f240fd8b26422e99f8849a21c5473",
        "Node name for S&R": "DrawMaskOnImage"
      },
      "widgets_values": [
        "0, 0, 0"
      ]
    },
    {
      "id": 146,
      "type": "GetNode",
      "pos": [
        1086.932861328125,
        -2184.602783203125
      ],
      "size": [
        210,
        60
      ],
      "flags": {
        "collapsed": true
      },
      "order": 10,
      "mode": 0,
      "inputs": [],
      "outputs": [
        {
          "name": "IMAGE",
          "type": "IMAGE",
          "links": [
            250
          ]
        }
      ],
      "title": "Get_input_video",
      "properties": {},
      "widgets_values": [
        "input_video"
      ],
      "color": "#2a363b",
      "bgcolor": "#3f5159"
    },
    {
      "id": 130,
      "type": "SetNode",
      "pos": [
        1294.1051025390625,
        -2211.976806640625
      ],
      "size": [
        211.05747985839844,
        60
      ],
      "flags": {
        "collapsed": true
      },
      "order": 65,
      "mode": 0,
      "inputs": [
        {
          "name": "IMAGE",
          "type": "IMAGE",
          "link": 233
        }
      ],
      "outputs": [
        {
          "name": "IMAGE",
          "type": "IMAGE",
          "links": [
            251
          ]
        }
      ],
      "title": "Set_background_image",
      "properties": {
        "previousName": "background_image"
      },
      "widgets_values": [
        "background_image"
      ],
      "color": "#2a363b",
      "bgcolor": "#3f5159"
    },
    {
      "id": 163,
      "type": "GetNode",
      "pos": [
        1571.3441162109375,
        -468.3181457519531
      ],
      "size": [
        210,
        34
      ],
      "flags": {
        "collapsed": true
      },
      "order": 11,
      "mode": 0,
      "inputs": [],
      "outputs": [
        {
          "name": "WANVAE",
          "type": "WANVAE",
          "links": [
            280
          ]
        }
      ],
      "title": "Get_VAE",
      "properties": {},
      "widgets_values": [
        "VAE"
      ],
      "color": "#322",
      "bgcolor": "#533"
    },
    {
      "id": 71,
      "type": "CLIPVisionLoader",
      "pos": [
        -512.5712890625,
        -245.34796142578125
      ],
      "size": [
        270,
        58
      ],
      "flags": {},
      "order": 12,
      "mode": 0,
      "inputs": [],
      "outputs": [
        {
          "name": "CLIP_VISION",
          "type": "CLIP_VISION",
          "links": [
            97
          ]
        }
      ],
      "properties": {
        "cnr_id": "comfy-core",
        "ver": "0.3.59",
        "Node name for S&R": "CLIPVisionLoader"
      },
      "widgets_values": [
        "clip_vision_h.safetensors"
      ],
      "color": "#2a363b",
      "bgcolor": "#3f5159"
    },
    {
      "id": 70,
      "type": "WanVideoClipVisionEncode",
      "pos": [
        989.1386108398438,
        -306.2594299316406
      ],
      "size": [
        280.9771423339844,
        262
      ],
      "flags": {},
      "order": 33,
      "mode": 0,
      "inputs": [
        {
          "name": "clip_vision",
          "type": "CLIP_VISION",
          "link": 97
        },
        {
          "name": "image_1",
          "type": "IMAGE",
          "link": 235
        },
        {
          "name": "image_2",
          "shape": 7,
          "type": "IMAGE",
          "link": null
        },
        {
          "name": "negative_image",
          "shape": 7,
          "type": "IMAGE",
          "link": null
        }
      ],
      "outputs": [
        {
          "name": "image_embeds",
          "type": "WANVIDIMAGE_CLIPEMBEDS",
          "links": [
            96
          ]
        }
      ],
      "properties": {
        "cnr_id": "ComfyUI-WanVideoWrapper",
        "ver": "2bdd81a10b03c14443c79bdf3b783b1feb3d1fa3",
        "Node name for S&R": "WanVideoClipVisionEncode"
      },
      "widgets_values": [
        1,
        1,
        "center",
        "average",
        true,
        0,
        0.5
      ],
      "color": "#233",
      "bgcolor": "#355"
    },
    {
      "id": 133,
      "type": "GetNode",
      "pos": [
        995.1069946289062,
        -382.21319580078125
      ],
      "size": [
        210,
        50
      ],
      "flags": {
        "collapsed": true
      },
      "order": 13,
      "mode": 0,
      "inputs": [],
      "outputs": [
        {
          "name": "IMAGE",
          "type": "IMAGE",
          "links": [
            235,
            282
          ]
        }
      ],
      "title": "Get_reference_image",
      "properties": {},
      "widgets_values": [
        "reference_image"
      ],
      "color": "#2a363b",
      "bgcolor": "#3f5159"
    },
    {
      "id": 141,
      "type": "GetNode",
      "pos": [
        1320.70703125,
        -392.9727478027344
      ],
      "size": [
        210,
        34
      ],
      "flags": {
        "collapsed": true
      },
      "order": 14,
      "mode": 0,
      "inputs": [],
      "outputs": [
        {
          "name": "IMAGE",
          "type": "IMAGE",
          "links": [
            244
          ]
        }
      ],
      "title": "Get_pose_images",
      "properties": {},
      "widgets_values": [
        "pose_images"
      ],
      "color": "#2a363b",
      "bgcolor": "#3f5159"
    },
    {
      "id": 35,
      "type": "WanVideoTorchCompileSettings",
      "pos": [
        -1146.0887451171875,
        -909.5626831054688
      ],
      "size": [
        390.5999755859375,
        202
      ],
      "flags": {},
      "order": 15,
      "mode": 0,
      "inputs": [],
      "outputs": [
        {
          "name": "torch_compile_args",
          "type": "WANCOMPILEARGS",
          "slot_index": 0,
          "links": [
            100
          ]
        }
      ],
      "properties": {
        "cnr_id": "ComfyUI-WanVideoWrapper",
        "ver": "e5ef9752a7e846b232fc05fd993327a2e870a788",
        "Node name for S&R": "WanVideoTorchCompileSettings"
      },
      "widgets_values": [
        "inductor",
        false,
        "default",
        false,
        64,
        true,
        128
      ],
      "color": "#223",
      "bgcolor": "#335"
    },
    {
      "id": 38,
      "type": "WanVideoVAELoader",
      "pos": [
        -569.7952880859375,
        -499.9053649902344
      ],
      "size": [
        416.25482177734375,
        82
      ],
      "flags": {},
      "order": 16,
      "mode": 0,
      "inputs": [
        {
          "name": "compile_args",
          "shape": 7,
          "type": "WANCOMPILEARGS",
          "link": null
        }
      ],
      "outputs": [
        {
          "name": "vae",
          "type": "WANVAE",
          "slot_index": 0,
          "links": [
            278
          ]
        }
      ],
      "properties": {
        "cnr_id": "ComfyUI-WanVideoWrapper",
        "ver": "e5ef9752a7e846b232fc05fd993327a2e870a788",
        "Node name for S&R": "WanVideoVAELoader"
      },
      "widgets_values": [
        "wanvideo\\Wan2_1_VAE_bf16.safetensors",
        "bf16"
      ],
      "color": "#322",
      "bgcolor": "#533"
    },
    {
      "id": 161,
      "type": "SetNode",
      "pos": [
        -259.3302001953125,
        -357.3097839355469
      ],
      "size": [
        210,
        60
      ],
      "flags": {
        "collapsed": true
      },
      "order": 35,
      "mode": 0,
      "inputs": [
        {
          "name": "WANVAE",
          "type": "WANVAE",
          "link": 278
        }
      ],
      "outputs": [
        {
          "name": "*",
          "type": "*",
          "links": null
        }
      ],
      "title": "Set_VAE",
      "properties": {
        "previousName": "VAE"
      },
      "widgets_values": [
        "VAE"
      ],
      "color": "#322",
      "bgcolor": "#533"
    },
    {
      "id": 77,
      "type": "ImageConcatMulti",
      "pos": [
        2653.37939453125,
        -1220.90087890625
      ],
      "size": [
        270,
        190
      ],
      "flags": {},
      "order": 36,
      "mode": 0,
      "inputs": [
        {
          "name": "image_1",
          "type": "IMAGE",
          "link": 236
        },
        {
          "name": "image_2",
          "shape": 7,
          "type": "IMAGE",
          "link": 239
        },
        {
          "name": "image_3",
          "shape": 7,
          "type": "IMAGE",
          "link": 243
        },
        {
          "name": "image_4",
          "shape": 7,
          "type": "IMAGE",
          "link": 249
        }
      ],
      "outputs": [
        {
          "name": "images",
          "type": "IMAGE",
          "links": [
            107
          ]
        }
      ],
      "properties": {
        "cnr_id": "comfyui-kjnodes",
        "ver": "468fcc86f0b29e79a8510e8239eb15714d6747a6"
      },
      "widgets_values": [
        4,
        "down",
        true,
        null
      ]
    },
    {
      "id": 145,
      "type": "GetNode",
      "pos": [
        2463.91552734375,
        -1073.7054443359375
      ],
      "size": [
        210,
        60
      ],
      "flags": {
        "collapsed": true
      },
      "order": 17,
      "mode": 0,
      "inputs": [],
      "outputs": [
        {
          "name": "IMAGE",
          "type": "IMAGE",
          "links": [
            249
          ]
        }
      ],
      "title": "Get_input_video",
      "properties": {},
      "widgets_values": [
        "input_video"
      ],
      "color": "#2a363b",
      "bgcolor": "#3f5159"
    },
    {
      "id": 28,
      "type": "WanVideoDecode",
      "pos": [
        2485.57177734375,
        -441.313720703125
      ],
      "size": [
        280.3896179199219,
        198
      ],
      "flags": {},
      "order": 51,
      "mode": 0,
      "inputs": [
        {
          "name": "vae",
          "type": "WANVAE",
          "link": 279
        },
        {
          "name": "samples",
          "type": "LATENT",
          "link": 33
        }
      ],
      "outputs": [
        {
          "name": "images",
          "type": "IMAGE",
          "slot_index": 0,
          "links": [
            48
          ]
        }
      ],
      "properties": {
        "cnr_id": "ComfyUI-WanVideoWrapper",
        "ver": "e5ef9752a7e846b232fc05fd993327a2e870a788",
        "Node name for S&R": "WanVideoDecode"
      },
      "widgets_values": [
        false,
        272,
        272,
        144,
        128,
        "default"
      ]
    },
    {
      "id": 162,
      "type": "GetNode",
      "pos": [
        2483.826171875,
        -523.2938842773438
      ],
      "size": [
        210,
        60
      ],
      "flags": {
        "collapsed": true
      },
      "order": 18,
      "mode": 0,
      "inputs": [],
      "outputs": [
        {
          "name": "WANVAE",
          "type": "WANVAE",
          "links": [
            279
          ]
        }
      ],
      "title": "Get_VAE",
      "properties": {},
      "widgets_values": [
        "VAE"
      ],
      "color": "#322",
      "bgcolor": "#533"
    },
    {
      "id": 42,
      "type": "GetImageSizeAndCount",
      "pos": [
        2555.719482421875,
        -692.73095703125
      ],
      "size": [
        277.20001220703125,
        86
      ],
      "flags": {},
      "order": 55,
      "mode": 0,
      "inputs": [
        {
          "name": "image",
          "type": "IMAGE",
          "link": 48
        }
      ],
      "outputs": [
        {
          "name": "image",
          "type": "IMAGE",
          "slot_index": 0,
          "links": [
            87
          ]
        },
        {
          "label": "832 width",
          "name": "width",
          "type": "INT",
          "links": null
        },
        {
          "label": "480 height",
          "name": "height",
          "type": "INT",
          "links": null
        },
        {
          "label": "153 count",
          "name": "count",
          "type": "INT",
          "links": null
        }
      ],
      "properties": {
        "cnr_id": "comfyui-kjnodes",
        "ver": "36f6fdd7d4c393675ac622bd300ef667ee65d8b8",
        "Node name for S&R": "GetImageSizeAndCount"
      },
      "widgets_values": []
    },
    {
      "id": 110,
      "type": "WanVideoContextOptions",
      "pos": [
        1829.0579833984375,
        -868.31298828125
      ],
      "size": [
        275.783203125,
        202
      ],
      "flags": {},
      "order": 19,
      "mode": 0,
      "inputs": [
        {
          "name": "reference_latent",
          "shape": 7,
          "type": "LATENT",
          "link": null
        }
      ],
      "outputs": [
        {
          "name": "context_options",
          "type": "WANVIDCONTEXT",
          "links": []
        }
      ],
      "properties": {
        "cnr_id": "ComfyUI-WanVideoWrapper",
        "ver": "2bdd81a10b03c14443c79bdf3b783b1feb3d1fa3",
        "Node name for S&R": "WanVideoContextOptions"
      },
      "widgets_values": [
        "static_standard",
        81,
        4,
        32,
        true,
        false,
        "linear"
      ]
    },
    {
      "id": 65,
      "type": "WanVideoTextEncodeCached",
      "pos": [
        1329.64208984375,
        68.953125
      ],
      "size": [
        488.4488220214844,
        362.56817626953125
      ],
      "flags": {},
      "order": 20,
      "mode": 0,
      "inputs": [
        {
          "name": "extender_args",
          "shape": 7,
          "type": "WANVIDEOPROMPTEXTENDER_ARGS",
          "link": null
        }
      ],
      "outputs": [
        {
          "name": "text_embeds",
          "type": "WANVIDEOTEXTEMBEDS",
          "links": [
            281
          ]
        },
        {
          "name": "negative_text_embeds",
          "type": "WANVIDEOTEXTEMBEDS",
          "links": null
        },
        {
          "name": "positive_prompt",
          "type": "STRING",
          "links": null
        }
      ],
      "properties": {
        "cnr_id": "ComfyUI-WanVideoWrapper",
        "ver": "761b1d191e50d589465e31dc0d40ff7c59b1b7b0",
        "Node name for S&R": "WanVideoTextEncodeCached"
      },
      "widgets_values": [
        "umt5-xxl-enc-bf16.safetensors",
        "bf16",
        "man is walking, style is soft 3D render style, night time, moonlight",
        "色调艳丽，过曝，静态，细节模糊不清，字幕，风格，作品，画作，画面，静止，整体发灰，最差质量，低质量，JPEG压缩残留，丑陋的，残缺的，多余的手指，画得不好的手部，画得不好的脸部，畸形的，毁容的，形态畸形的肢体，手指融合，静止不动的画面，杂乱的背景，三条腿，背景人很多，倒着走",
        "disabled",
        false,
        "gpu"
      ],
      "color": "#432",
      "bgcolor": "#653"
    },
    {
      "id": 169,
      "type": "Note",
      "pos": [
        1282.7142333984375,
        -825.0780029296875
      ],
      "size": [
        484.7705383300781,
        194.427978515625
      ],
      "flags": {},
      "order": 21,
      "mode": 0,
      "inputs": [],
      "outputs": [],
      "properties": {},
      "widgets_values": [
        "For long generations you can use either context options, or the original long gen method, which is activated when frame_window_size is smaller than total frames(num_frames). When using this method the window size stays constant, extra frames are generated in the case the last window is cut short.\n\nWhen using context options, set num_frames and frame_window_size to be equal\n\nOtherwise set frame_window_size to something the model is capable of doing normally, original default is 77, 81 seems to work too.\n\nOriginal method is probably better for motion etc, and is faster, but the benefit of context windows is that it doesn't degrade over time on long clips."
      ],
      "color": "#432",
      "bgcolor": "#653"
    },
    {
      "id": 62,
      "type": "WanVideoAnimateEmbeds",
      "pos": [
        1567.48046875,
        -396.0700988769531
      ],
      "size": [
        274.2164001464844,
        370
      ],
      "flags": {},
      "order": 41,
      "mode": 0,
      "inputs": [
        {
          "name": "vae",
          "type": "WANVAE",
          "link": 280
        },
        {
          "name": "clip_embeds",
          "shape": 7,
          "type": "WANVIDIMAGE_CLIPEMBEDS",
          "link": 96
        },
        {
          "name": "ref_images",
          "shape": 7,
          "type": "IMAGE",
          "link": 282
        },
        {
          "name": "pose_images",
          "shape": 7,
          "type": "IMAGE",
          "link": 244
        },
        {
          "name": "face_images",
          "shape": 7,
          "type": "IMAGE",
          "link": 240
        },
        {
          "name": "bg_images",
          "shape": 7,
          "type": "IMAGE",
          "link": 234
        },
        {
          "name": "mask",
          "shape": 7,
          "type": "MASK",
          "link": 247
        },
        {
          "name": "width",
          "type": "INT",
          "widget": {
            "name": "width"
          },
          "link": 265
        },
        {
          "name": "height",
          "type": "INT",
          "widget": {
            "name": "height"
          },
          "link": 266
        },
        {
          "name": "num_frames",
          "type": "INT",
          "widget": {
            "name": "num_frames"
          },
          "link": 268
        }
      ],
      "outputs": [
        {
          "name": "image_embeds",
          "type": "WANVIDIMAGE_EMBEDS",
          "links": [
            84
          ]
        }
      ],
      "properties": {
        "cnr_id": "ComfyUI-WanVideoWrapper",
        "ver": "761b1d191e50d589465e31dc0d40ff7c59b1b7b0",
        "Node name for S&R": "WanVideoAnimateEmbeds"
      },
      "widgets_values": [
        832,
        480,
        501,
        false,
        77,
        "disabled",
        1,
        1,
        false
      ],
      "color": "#322",
      "bgcolor": "#533"
    },
    {
      "id": 22,
      "type": "WanVideoModelLoader",
      "pos": [
        -700.9990844726562,
        -908.7992553710938
      ],
      "size": [
        601.9249267578125,
        318
      ],
      "flags": {},
      "order": 34,
      "mode": 0,
      "inputs": [
        {
          "name": "compile_args",
          "shape": 7,
          "type": "WANCOMPILEARGS",
          "link": 100
        },
        {
          "name": "block_swap_args",
          "shape": 7,
          "type": "BLOCKSWAPARGS",
          "link": null
        },
        {
          "name": "lora",
          "shape": 7,
          "type": "WANVIDLORA",
          "link": null
        },
        {
          "name": "vram_management_args",
          "shape": 7,
          "type": "VRAM_MANAGEMENTARGS",
          "link": null
        },
        {
          "name": "extra_model",
          "shape": 7,
          "type": "VACEPATH",
          "link": null
        },
        {
          "name": "fantasytalking_model",
          "shape": 7,
          "type": "FANTASYTALKINGMODEL",
          "link": null
        },
        {
          "name": "multitalk_model",
          "shape": 7,
          "type": "MULTITALKMODEL",
          "link": null
        },
        {
          "name": "fantasyportrait_model",
          "shape": 7,
          "type": "FANTASYPORTRAITMODEL",
          "link": null
        }
      ],
      "outputs": [
        {
          "name": "model",
          "type": "WANVIDEOMODEL",
          "slot_index": 0,
          "links": [
            59
          ]
        }
      ],
      "properties": {
        "cnr_id": "ComfyUI-WanVideoWrapper",
        "ver": "e5ef9752a7e846b232fc05fd993327a2e870a788",
        "Node name for S&R": "WanVideoModelLoader"
      },
      "widgets_values": [
        "WanVideo\\2_2\\Wan2_2-Animate-14B_fp8_e4m3fn_scaled_KJ.safetensors",
        "fp16_fast",
        "disabled",
        "offload_device",
        "sageattn",
        "default"
      ],
      "color": "#223",
      "bgcolor": "#335"
    },
    {
      "id": 151,
      "type": "INTConstant",
      "pos": [
        -1704.931640625,
        -2640.54638671875
      ],
      "size": [
        210,
        58
      ],
      "flags": {
        "collapsed": false
      },
      "order": 22,
      "mode": 0,
      "inputs": [],
      "outputs": [
        {
          "name": "value",
          "type": "INT",
          "links": [
            258,
            264,
            287
          ]
        }
      ],
      "title": "Height",
      "properties": {
        "cnr_id": "comfyui-kjnodes",
        "ver": "37659859825cea55940a58110525795ce5deb8be",
        "Node name for S&R": "INTConstant"
      },
      "widgets_values": [
        480
      ],
      "color": "#1b4669",
      "bgcolor": "#29699c"
    },
    {
      "id": 51,
      "type": "WanVideoBlockSwap",
      "pos": [
        -20.855491638183594,
        -308.51751708984375
      ],
      "size": [
        281.404296875,
        202
      ],
      "flags": {},
      "order": 23,
      "mode": 0,
      "inputs": [],
      "outputs": [
        {
          "name": "block_swap_args",
          "type": "BLOCKSWAPARGS",
          "links": [
            64
          ]
        }
      ],
      "properties": {
        "cnr_id": "ComfyUI-WanVideoWrapper",
        "ver": "e5ef9752a7e846b232fc05fd993327a2e870a788",
        "Node name for S&R": "WanVideoBlockSwap"
      },
      "widgets_values": [
        25,
        false,
        false,
        true,
        0,
        1,
        false
      ],
      "color": "#223",
      "bgcolor": "#335"
    },
    {
      "id": 50,
      "type": "WanVideoSetBlockSwap",
      "pos": [
        299.8666076660156,
        -422.0509338378906
      ],
      "size": [
        201.76815795898438,
        46
      ],
      "flags": {},
      "order": 47,
      "mode": 0,
      "inputs": [
        {
          "name": "model",
          "type": "WANVIDEOMODEL",
          "link": 62
        },
        {
          "name": "block_swap_args",
          "shape": 7,
          "type": "BLOCKSWAPARGS",
          "link": 64
        }
      ],
      "outputs": [
        {
          "name": "model",
          "type": "WANVIDEOMODEL",
          "links": [
            63
          ]
        }
      ],
      "properties": {
        "cnr_id": "ComfyUI-WanVideoWrapper",
        "ver": "e5ef9752a7e846b232fc05fd993327a2e870a788",
        "Node name for S&R": "WanVideoSetBlockSwap"
      },
      "widgets_values": [],
      "color": "#223",
      "bgcolor": "#335"
    },
    {
      "id": 48,
      "type": "WanVideoSetLoRAs",
      "pos": [
        -5.091688632965088,
        -420.6256103515625
      ],
      "size": [
        174.53378295898438,
        46
      ],
      "flags": {},
      "order": 42,
      "mode": 0,
      "inputs": [
        {
          "name": "model",
          "type": "WANVIDEOMODEL",
          "link": 59
        },
        {
          "name": "lora",
          "shape": 7,
          "type": "WANVIDLORA",
          "link": 289
        }
      ],
      "outputs": [
        {
          "name": "model",
          "type": "WANVIDEOMODEL",
          "links": [
            62
          ]
        }
      ],
      "properties": {
        "cnr_id": "ComfyUI-WanVideoWrapper",
        "ver": "e5ef9752a7e846b232fc05fd993327a2e870a788",
        "Node name for S&R": "WanVideoSetLoRAs"
      },
      "widgets_values": [],
      "color": "#223",
      "bgcolor": "#335"
    },
    {
      "id": 171,
      "type": "WanVideoLoraSelectMulti",
      "pos": [
        3.4800829887390137,
        -932.2160034179688
      ],
      "size": [
        583.3719482421875,
        342
      ],
      "flags": {},
      "order": 24,
      "mode": 0,
      "inputs": [
        {
          "name": "prev_lora",
          "shape": 7,
          "type": "WANVIDLORA",
          "link": null
        },
        {
          "name": "blocks",
          "shape": 7,
          "type": "SELECTEDBLOCKS",
          "link": null
        }
      ],
      "outputs": [
        {
          "name": "lora",
          "type": "WANVIDLORA",
          "links": [
            289
          ]
        }
      ],
      "properties": {
        "cnr_id": "ComfyUI-WanVideoWrapper",
        "ver": "b2c8cf969fcf60a38884ea2c29af177ae1f28b29",
        "Node name for S&R": "WanVideoLoraSelectMulti"
      },
      "widgets_values": [
        "WanVideo\\WanAnimate_relight_lora_fp16.safetensors",
        1,
        "WanVideo\\Lightx2v\\lightx2v_I2V_14B_480p_cfg_step_distill_rank64_bf16.safetensors",
        1.2,
        "none",
        1,
        "none",
        1,
        "none",
        1,
        false,
        false
      ],
      "color": "#223",
      "bgcolor": "#335"
    },
    {
      "id": 178,
      "type": "OnnxDetectionModelLoader",
      "pos": [
        -506.44635009765625,
        -2398.935302734375
      ],
      "size": [
        351.52410888671875,
        106
      ],
      "flags": {},
      "order": 25,
      "mode": 0,
      "inputs": [],
      "outputs": [
        {
          "name": "model",
          "type": "POSEMODEL",
          "links": [
            290
          ]
        }
      ],
      "properties": {
        "aux_id": "kijai/ComfyUI-WanAnimatePreprocess",
        "ver": "e63d6e71ae4c271f3f81211a7ca7f87607b7e50d",
        "Node name for S&R": "OnnxDetectionModelLoader"
      },
      "widgets_values": [
        "vitpose-l-wholebody.onnx",
        "onnx\\yolov10m.onnx",
        "CUDAExecutionProvider"
      ]
    },
    {
      "id": 182,
      "type": "GrowMaskWithBlur",
      "pos": [
        431.7315368652344,
        -2222.123779296875
      ],
      "size": [
        292.748046875,
        246
      ],
      "flags": {},
      "order": 58,
      "mode": 0,
      "inputs": [
        {
          "name": "mask",
          "type": "MASK",
          "link": 314
        }
      ],
      "outputs": [
        {
          "name": "mask",
          "type": "MASK",
          "links": [
            315
          ]
        },
        {
          "name": "mask_inverted",
          "type": "MASK",
          "links": null
        }
      ],
      "properties": {
        "cnr_id": "comfyui-kjnodes",
        "ver": "bb205d809b467307b8ec3bb1a22680a4873187f8",
        "Node name for S&R": "GrowMaskWithBlur"
      },
      "widgets_values": [
        10,
        0,
        true,
        false,
        0,
        1,
        1,
        false
      ]
    },
    {
      "id": 108,
      "type": "BlockifyMask",
      "pos": [
        779.2421264648438,
        -2222.2099609375
      ],
      "size": [
        270,
        58
      ],
      "flags": {},
      "order": 61,
      "mode": 0,
      "inputs": [
        {
          "name": "masks",
          "type": "MASK",
          "link": 315
        }
      ],
      "outputs": [
        {
          "name": "mask",
          "type": "MASK",
          "links": [
            245
          ]
        }
      ],
      "properties": {
        "cnr_id": "comfyui-kjnodes",
        "ver": "00da1910634fbf314d407608efb281ae6f7f1ba2",
        "Node name for S&R": "BlockifyMask"
      },
      "widgets_values": [
        32
      ]
    },
    {
      "id": 127,
      "type": "Note",
      "pos": [
        983.2726440429688,
        -2067.319580078125
      ],
      "size": [
        210,
        88
      ],
      "flags": {},
      "order": 26,
      "mode": 0,
      "inputs": [],
      "outputs": [],
      "properties": {},
      "widgets_values": [
        "These are new nodes in KJNodes"
      ],
      "color": "#432",
      "bgcolor": "#653"
    },
    {
      "id": 104,
      "type": "Sam2Segmentation",
      "pos": [
        83.82372283935547,
        -2220.965576171875
      ],
      "size": [
        272.087890625,
        182
      ],
      "flags": {},
      "order": 54,
      "mode": 0,
      "inputs": [
        {
          "name": "sam2_model",
          "type": "SAM2MODEL",
          "link": 185
        },
        {
          "name": "image",
          "type": "IMAGE",
          "link": 316
        },
        {
          "name": "coordinates_positive",
          "shape": 7,
          "type": "STRING",
          "link": null
        },
        {
          "name": "coordinates_negative",
          "shape": 7,
          "type": "STRING",
          "link": null
        },
        {
          "name": "bboxes",
          "shape": 7,
          "type": "BBOX",
          "link": 321
        },
        {
          "name": "mask",
          "shape": 7,
          "type": "MASK",
          "link": null
        }
      ],
      "outputs": [
        {
          "name": "mask",
          "type": "MASK",
          "links": [
            314
          ]
        }
      ],
      "properties": {
        "cnr_id": "ComfyUI-segment-anything-2",
        "ver": "c59676b008a76237002926f684d0ca3a9b29ac54",
        "Node name for S&R": "Sam2Segmentation"
      },
      "widgets_values": [
        false,
        false
      ]
    },
    {
      "id": 180,
      "type": "GetImageSizeAndCount",
      "pos": [
        -246.24586486816406,
        -3011.47705078125
      ],
      "size": [
        190.86483764648438,
        86
      ],
      "flags": {},
      "order": 48,
      "mode": 0,
      "inputs": [
        {
          "name": "image",
          "type": "IMAGE",
          "link": 306
        }
      ],
      "outputs": [
        {
          "name": "image",
          "type": "IMAGE",
          "links": [
            309,
            316
          ]
        },
        {
          "label": "832 width",
          "name": "width",
          "type": "INT",
          "links": [
            307,
            310
          ]
        },
        {
          "label": "480 height",
          "name": "height",
          "type": "INT",
          "links": [
            308,
            311
          ]
        },
        {
          "label": "109 count",
          "name": "count",
          "type": "INT",
          "links": null
        }
      ],
      "properties": {
        "cnr_id": "comfyui-kjnodes",
        "ver": "bb205d809b467307b8ec3bb1a22680a4873187f8",
        "Node name for S&R": "GetImageSizeAndCount"
      },
      "widgets_values": []
    },
    {
      "id": 173,
      "type": "DrawViTPose",
      "pos": [
        120.56317138671875,
        -2811.226318359375
      ],
      "size": [
        270,
        178
      ],
      "flags": {},
      "order": 52,
      "mode": 0,
      "inputs": [
        {
          "name": "pose_data",
          "type": "POSEDATA",
          "link": 294
        },
        {
          "name": "width",
          "type": "INT",
          "widget": {
            "name": "width"
          },
          "link": 307
        },
        {
          "name": "height",
          "type": "INT",
          "widget": {
            "name": "height"
          },
          "link": 308
        }
      ],
      "outputs": [
        {
          "name": "pose_images",
          "type": "IMAGE",
          "links": [
            319
          ]
        }
      ],
      "properties": {
        "aux_id": "kijai/ComfyUI-WanAnimatePreprocess",
        "ver": "e63d6e71ae4c271f3f81211a7ca7f87607b7e50d",
        "Node name for S&R": "DrawViTPose"
      },
      "widgets_values": [
        832,
        480,
        16,
        -1,
        -1,
        "True"
      ]
    },
    {
      "id": 75,
      "type": "VHS_VideoCombine",
      "pos": [
        2010.67431640625,
        -3041.57568359375
      ],
      "size": [
        743.6680297851562,
        765.5007934570312
      ],
      "flags": {},
      "order": 66,
      "mode": 0,
      "inputs": [
        {
          "name": "images",
          "type": "IMAGE",
          "link": 251
        },
        {
          "name": "audio",
          "shape": 7,
          "type": "AUDIO",
          "link": null
        },
        {
          "name": "meta_batch",
          "shape": 7,
          "type": "VHS_BatchManager",
          "link": null
        },
        {
          "name": "vae",
          "shape": 7,
          "type": "VAE",
          "link": null
        }
      ],
      "outputs": [
        {
          "name": "Filenames",
          "type": "VHS_FILENAMES",
          "links": null
        }
      ],
      "properties": {
        "cnr_id": "comfyui-videohelpersuite",
        "ver": "8e4d79471bf1952154768e8435a9300077b534fa",
        "Node name for S&R": "VHS_VideoCombine"
      },
      "widgets_values": {
        "frame_rate": 16,
        "loop_count": 0,
        "filename_prefix": "WanVideo2_1_T2V",
        "format": "video/h264-mp4",
        "pix_fmt": "yuv420p",
        "crf": 19,
        "save_metadata": true,
        "trim_to_audio": false,
        "pingpong": false,
        "save_output": false,
        "videopreview": {
          "hidden": false,
          "paused": false,
          "params": {
            "filename": "WanVideo2_1_T2V_00004.mp4",
            "subfolder": "",
            "type": "temp",
            "format": "video/h264-mp4",
            "frame_rate": 16,
            "workflow": "WanVideo2_1_T2V_00004.png",
            "fullpath": "N:\\AI\\ComfyUI\\temp\\WanVideo2_1_T2V_00004.mp4"
          }
        }
      }
    },
    {
      "id": 181,
      "type": "VHS_VideoCombine",
      "pos": [
        1137.4183349609375,
        -3026.80517578125
      ],
      "size": [
        743.6680297851562,
        765.5007934570312
      ],
      "flags": {},
      "order": 60,
      "mode": 0,
      "inputs": [
        {
          "name": "images",
          "type": "IMAGE",
          "link": 320
        },
        {
          "name": "audio",
          "shape": 7,
          "type": "AUDIO",
          "link": null
        },
        {
          "name": "meta_batch",
          "shape": 7,
          "type": "VHS_BatchManager",
          "link": null
        },
        {
          "name": "vae",
          "shape": 7,
          "type": "VAE",
          "link": null
        }
      ],
      "outputs": [
        {
          "name": "Filenames",
          "type": "VHS_FILENAMES",
          "links": null
        }
      ],
      "properties": {
        "cnr_id": "comfyui-videohelpersuite",
        "ver": "8e4d79471bf1952154768e8435a9300077b534fa",
        "Node name for S&R": "VHS_VideoCombine"
      },
      "widgets_values": {
        "frame_rate": 16,
        "loop_count": 0,
        "filename_prefix": "WanVideo2_1_T2V",
        "format": "video/h264-mp4",
        "pix_fmt": "yuv420p",
        "crf": 19,
        "save_metadata": true,
        "trim_to_audio": false,
        "pingpong": false,
        "save_output": false,
        "videopreview": {
          "hidden": false,
          "paused": false,
          "params": {
            "filename": "WanVideo2_1_T2V_00002.mp4",
            "subfolder": "",
            "type": "temp",
            "format": "video/h264-mp4",
            "frame_rate": 16,
            "workflow": "WanVideo2_1_T2V_00002.png",
            "fullpath": "N:\\AI\\ComfyUI\\temp\\WanVideo2_1_T2V_00002.mp4"
          }
        }
      }
    },
    {
      "id": 174,
      "type": "VHS_VideoCombine",
      "pos": [
        714.7760009765625,
        -3057.50341796875
      ],
      "size": [
        214.7587890625,
        542.7587890625
      ],
      "flags": {},
      "order": 57,
      "mode": 0,
      "inputs": [
        {
          "name": "images",
          "type": "IMAGE",
          "link": 318
        },
        {
          "name": "audio",
          "shape": 7,
          "type": "AUDIO",
          "link": null
        },
        {
          "name": "meta_batch",
          "shape": 7,
          "type": "VHS_BatchManager",
          "link": null
        },
        {
          "name": "vae",
          "shape": 7,
          "type": "VAE",
          "link": null
        }
      ],
      "outputs": [
        {
          "name": "Filenames",
          "type": "VHS_FILENAMES",
          "links": null
        }
      ],
      "properties": {
        "cnr_id": "comfyui-videohelpersuite",
        "ver": "0edce8ef7ce173ac97a3ed3d6f4636029d1a4530",
        "Node name for S&R": "VHS_VideoCombine"
      },
      "widgets_values": {
        "frame_rate": 16,
        "loop_count": 0,
        "filename_prefix": "vitpose",
        "format": "video/h264-mp4",
        "pix_fmt": "yuv420p",
        "crf": 19,
        "save_metadata": true,
        "trim_to_audio": false,
        "pingpong": false,
        "save_output": false,
        "videopreview": {
          "hidden": false,
          "paused": false,
          "params": {
            "filename": "vitpose_00004.mp4",
            "subfolder": "",
            "type": "temp",
            "format": "video/h264-mp4",
            "frame_rate": 16,
            "workflow": "vitpose_00004.png",
            "fullpath": "N:\\AI\\ComfyUI\\temp\\vitpose_00004.mp4"
          }
        }
      }
    },
    {
      "id": 183,
      "type": "SetNode",
      "pos": [
        464.6632080078125,
        -3038.54296875
      ],
      "size": [
        210,
        60
      ],
      "flags": {
        "collapsed": true
      },
      "order": 53,
      "mode": 0,
      "inputs": [
        {
          "name": "IMAGE",
          "type": "IMAGE",
          "link": 317
        }
      ],
      "outputs": [
        {
          "name": "IMAGE",
          "type": "IMAGE",
          "links": [
            318
          ]
        }
      ],
      "title": "Set_face_images",
      "properties": {
        "previousName": "face_images"
      },
      "widgets_values": [
        "face_images"
      ],
      "color": "#2a363b",
      "bgcolor": "#3f5159"
    },
    {
      "id": 184,
      "type": "SetNode",
      "pos": [
        442.45526123046875,
        -2784.734375
      ],
      "size": [
        210,
        60
      ],
      "flags": {
        "collapsed": true
      },
      "order": 56,
      "mode": 0,
      "inputs": [
        {
          "name": "IMAGE",
          "type": "IMAGE",
          "link": 319
        }
      ],
      "outputs": [
        {
          "name": "IMAGE",
          "type": "IMAGE",
          "links": [
            320
          ]
        }
      ],
      "title": "Set_pose_images",
      "properties": {
        "previousName": "pose_images"
      },
      "widgets_values": [
        "pose_images"
      ],
      "color": "#2a363b",
      "bgcolor": "#3f5159"
    },
    {
      "id": 138,
      "type": "GetNode",
      "pos": [
        1319.8330078125,
        -314.357421875
      ],
      "size": [
        210,
        50
      ],
      "flags": {
        "collapsed": true
      },
      "order": 27,
      "mode": 0,
      "inputs": [],
      "outputs": [
        {
          "name": "IMAGE",
          "type": "IMAGE",
          "links": [
            240
          ]
        }
      ],
      "title": "Get_face_images",
      "properties": {},
      "widgets_values": [
        "face_images"
      ],
      "color": "#2a363b",
      "bgcolor": "#3f5159"
    },
    {
      "id": 172,
      "type": "PoseAndFaceDetection",
      "pos": [
        104.5530014038086,
        -3028.416015625
      ],
      "size": [
        313.125,
        142
      ],
      "flags": {},
      "order": 50,
      "mode": 0,
      "inputs": [
        {
          "name": "model",
          "type": "POSEMODEL",
          "link": 290
        },
        {
          "name": "images",
          "type": "IMAGE",
          "link": 309
        },
        {
          "name": "retarget_image",
          "shape": 7,
          "type": "IMAGE",
          "link": null
        },
        {
          "name": "width",
          "type": "INT",
          "widget": {
            "name": "width"
          },
          "link": 310
        },
        {
          "name": "height",
          "type": "INT",
          "widget": {
            "name": "height"
          },
          "link": 311
        }
      ],
      "outputs": [
        {
          "name": "pose_data",
          "type": "POSEDATA",
          "links": [
            294
          ]
        },
        {
          "name": "face_images",
          "type": "IMAGE",
          "links": [
            317
          ]
        },
        {
          "name": "key_frame_body_points",
          "type": "STRING",
          "links": null
        },
        {
          "name": "bboxes",
          "type": "BBOX",
          "links": [
            321
          ]
        }
      ],
      "properties": {
        "aux_id": "kijai/ComfyUI-WanAnimatePreprocess",
        "ver": "e63d6e71ae4c271f3f81211a7ca7f87607b7e50d",
        "Node name for S&R": "PoseAndFaceDetection"
      },
      "widgets_values": [
        832,
        480
      ]
    },
    {
      "id": 102,
      "type": "DownloadAndLoadSAM2Model",
      "pos": [
        -470.4329528808594,
        -2221.738037109375
      ],
      "size": [
        334.4137268066406,
        130
      ],
      "flags": {},
      "order": 28,
      "mode": 0,
      "inputs": [],
      "outputs": [
        {
          "name": "sam2_model",
          "type": "SAM2MODEL",
          "links": [
            185
          ]
        }
      ],
      "properties": {
        "cnr_id": "ComfyUI-segment-anything-2",
        "ver": "c59676b008a76237002926f684d0ca3a9b29ac54",
        "Node name for S&R": "DownloadAndLoadSAM2Model"
      },
      "widgets_values": [
        "sam2.1_hiera_base_plus.safetensors",
        "video",
        "cuda",
        "fp16"
      ]
    },
    {
      "id": 185,
      "type": "Note",
      "pos": [
        257.0601806640625,
        -2465.42041015625
      ],
      "size": [
        236.14007568359375,
        88
      ],
      "flags": {},
      "order": 29,
      "mode": 0,
      "inputs": [],
      "outputs": [],
      "title": "Note: SAM2 detection",
      "properties": {},
      "widgets_values": [
        "You can use either the detected bbox or the kay_frame_body_points to positive coordinates, if one fails to creater proper mask, try the other"
      ],
      "color": "#432",
      "bgcolor": "#653"
    },
    {
      "id": 150,
      "type": "INTConstant",
      "pos": [
        -1695.39013671875,
        -2773.4970703125
      ],
      "size": [
        210,
        58
      ],
      "flags": {},
      "order": 30,
      "mode": 0,
      "inputs": [],
      "outputs": [
        {
          "name": "value",
          "type": "INT",
          "links": [
            257,
            263,
            286
          ]
        }
      ],
      "title": "Width",
      "properties": {
        "cnr_id": "comfyui-kjnodes",
        "ver": "37659859825cea55940a58110525795ce5deb8be",
        "Node name for S&R": "INTConstant"
      },
      "widgets_values": [
        832
      ],
      "color": "#1b4669",
      "bgcolor": "#29699c"
    },
    {
      "id": 27,
      "type": "WanVideoSampler",
      "pos": [
        2107.4375,
        -539.1071166992188
      ],
      "size": [
        315,
        874.1923217773438
      ],
      "flags": {},
      "order": 49,
      "mode": 0,
      "inputs": [
        {
          "name": "model",
          "type": "WANVIDEOMODEL",
          "link": 63
        },
        {
          "name": "image_embeds",
          "type": "WANVIDIMAGE_EMBEDS",
          "link": 84
        },
        {
          "name": "text_embeds",
          "shape": 7,
          "type": "WANVIDEOTEXTEMBEDS",
          "link": 281
        },
        {
          "name": "samples",
          "shape": 7,
          "type": "LATENT",
          "link": null
        },
        {
          "name": "feta_args",
          "shape": 7,
          "type": "FETAARGS",
          "link": null
        },
        {
          "name": "context_options",
          "shape": 7,
          "type": "WANVIDCONTEXT",
          "link": null
        },
        {
          "name": "cache_args",
          "shape": 7,
          "type": "CACHEARGS",
          "link": null
        },
        {
          "name": "flowedit_args",
          "shape": 7,
          "type": "FLOWEDITARGS",
          "link": null
        },
        {
          "name": "slg_args",
          "shape": 7,
          "type": "SLGARGS",
          "link": null
        },
        {
          "name": "loop_args",
          "shape": 7,
          "type": "LOOPARGS",
          "link": null
        },
        {
          "name": "experimental_args",
          "shape": 7,
          "type": "EXPERIMENTALARGS",
          "link": null
        },
        {
          "name": "sigmas",
          "shape": 7,
          "type": "SIGMAS",
          "link": null
        },
        {
          "name": "unianimate_poses",
          "shape": 7,
          "type": "UNIANIMATE_POSE",
          "link": null
        },
        {
          "name": "fantasytalking_embeds",
          "shape": 7,
          "type": "FANTASYTALKING_EMBEDS",
          "link": null
        },
        {
          "name": "uni3c_embeds",
          "shape": 7,
          "type": "UNI3C_EMBEDS",
          "link": null
        },
        {
          "name": "multitalk_embeds",
          "shape": 7,
          "type": "MULTITALK_EMBEDS",
          "link": null
        },
        {
          "name": "freeinit_args",
          "shape": 7,
          "type": "FREEINITARGS",
          "link": null
        }
      ],
      "outputs": [
        {
          "name": "samples",
          "type": "LATENT",
          "slot_index": 0,
          "links": [
            33
          ]
        },
        {
          "name": "denoised_samples",
          "type": "LATENT",
          "links": null
        }
      ],
      "properties": {
        "cnr_id": "ComfyUI-WanVideoWrapper",
        "ver": "e5ef9752a7e846b232fc05fd993327a2e870a788",
        "Node name for S&R": "WanVideoSampler"
      },
      "widgets_values": [
        4,
        1,
        5,
        42,
        "fixed",
        true,
        "dpm++_sde",
        0,
        1,
        "",
        "comfy",
        0,
        -1,
        false
      ]
    },
    {
      "id": 30,
      "type": "VHS_VideoCombine",
      "pos": [
        3064.7763671875,
        -1021.487548828125
      ],
      "size": [
        1478.035400390625,
        1042.3026123046875
      ],
      "flags": {},
      "order": 62,
      "mode": 0,
      "inputs": [
        {
          "name": "images",
          "type": "IMAGE",
          "link": 89
        },
        {
          "name": "audio",
          "shape": 7,
          "type": "AUDIO",
          "link": 256
        },
        {
          "name": "meta_batch",
          "shape": 7,
          "type": "VHS_BatchManager",
          "link": null
        },
        {
          "name": "vae",
          "shape": 7,
          "type": "VAE",
          "link": null
        }
      ],
      "outputs": [
        {
          "name": "Filenames",
          "type": "VHS_FILENAMES",
          "links": null
        }
      ],
      "properties": {
        "cnr_id": "comfyui-videohelpersuite",
        "ver": "8e4d79471bf1952154768e8435a9300077b534fa",
        "Node name for S&R": "VHS_VideoCombine"
      },
      "widgets_values": {
        "frame_rate": 16,
        "loop_count": 0,
        "filename_prefix": "Wanimate",
        "format": "video/h264-mp4",
        "pix_fmt": "yuv420p",
        "crf": 19,
        "save_metadata": true,
        "trim_to_audio": true,
        "pingpong": false,
        "save_output": true,
        "videopreview": {
          "hidden": false,
          "paused": false,
          "params": {
            "filename": "Wanimate_00002-audio.mp4",
            "subfolder": "",
            "type": "temp",
            "format": "video/h264-mp4",
            "frame_rate": 16,
            "workflow": "Wanimate_00002.png",
            "fullpath": "N:\\AI\\ComfyUI\\temp\\Wanimate_00002-audio.mp4"
          }
        }
      }
    },
    {
      "id": 164,
      "type": "MarkdownNote",
      "pos": [
        -1191.340087890625,
        -515.903564453125
      ],
      "size": [
        541.7905883789062,
        240.68362426757812
      ],
      "flags": {},
      "order": 31,
      "mode": 0,
      "inputs": [],
      "outputs": [],
      "title": "Markdown Note: Model Links",
      "properties": {},
      "widgets_values": [
        "Model links:\n\n[https://huggingface.co/Kijai/WanVideo_comfy_fp8_scaled/tree/main/Wan22Animate](https://huggingface.co/Kijai/WanVideo_comfy_fp8_scaled/tree/main/Wan22Animate)\n\nLoRA:\n\n[https://huggingface.co/Kijai/WanVideo_comfy/tree/main/Lightx2v](https://huggingface.co/Kijai/WanVideo_comfy/tree/main/Lightx2v)\n\n[https://huggingface.co/Kijai/WanVideo_comfy/tree/main/LoRAs/Wan22_relight](https://huggingface.co/Kijai/WanVideo_comfy/tree/main/LoRAs/Wan22_relight)\n\nText encoder:\n\n[https://huggingface.co/Kijai/WanVideo_comfy/blob/main/umt5-xxl-enc-bf16.safetensors](https://huggingface.co/Kijai/WanVideo_comfy/blob/main/umt5-xxl-enc-bf16.safetensors)\n\nVAE:\n\n[https://huggingface.co/Kijai/WanVideo_comfy/blob/main/Wan2_1_VAE_bf16.safetensors](https://huggingface.co/Kijai/WanVideo_comfy/blob/main/Wan2_1_VAE_bf16.safetensors)"
      ],
      "color": "#432",
      "bgcolor": "#653"
    },
    {
      "id": 177,
      "type": "MarkdownNote",
      "pos": [
        -1088.8204345703125,
        -2393.302978515625
      ],
      "size": [
        536.27783203125,
        330.03546142578125
      ],
      "flags": {},
      "order": 32,
      "mode": 0,
      "inputs": [],
      "outputs": [],
      "title": "Preprocessor links",
      "properties": {},
      "widgets_values": [
        "Nodes:\n\n[https://github.com/kijai/ComfyUI-WanAnimatePreprocess](https://github.com/kijai/ComfyUI-WanAnimatePreprocess)\n\nModels:\n\nYOLO:\n\n[https://huggingface.co/Wan-AI/Wan2.2-Animate-14B/blob/main/process_checkpoint/det/yolov10m.onnx](https://huggingface.co/Wan-AI/Wan2.2-Animate-14B/blob/main/process_checkpoint/det/yolov10m.onnx)\n\nViTPose\n\nLarge:\n\n[https://huggingface.co/JunkyByte/easy_ViTPose/blob/main/onnx/wholebody/vitpose-l-wholebody.onnx](https://huggingface.co/JunkyByte/easy_ViTPose/blob/main/onnx/wholebody/vitpose-l-wholebody.onnx)\n\nHuge (needs both files):\n\n[https://huggingface.co/Kijai/vitpose_comfy/blob/main/onnx/vitpose_h_wholebody_model.onnx](https://huggingface.co/Kijai/vitpose_comfy/blob/main/onnx/vitpose_h_wholebody_model.onnx)\n\n[https://huggingface.co/Kijai/vitpose_comfy/blob/main/onnx/vitpose_h_wholebody_data.bin](https://huggingface.co/Kijai/vitpose_comfy/blob/main/onnx/vitpose_h_wholebody_data.bin)"
      ],
      "color": "#432",
      "bgcolor": "#653"
    }
  ],
  "links": [
    [
      33,
      27,
      0,
      28,
      1,
      "LATENT"
    ],
    [
      48,
      28,
      0,
      42,
      0,
      "IMAGE"
    ],
    [
      59,
      22,
      0,
      48,
      0,
      "WANVIDEOMODEL"
    ],
    [
      62,
      48,
      0,
      50,
      0,
      "WANVIDEOMODEL"
    ],
    [
      63,
      50,
      0,
      27,
      0,
      "WANVIDEOMODEL"
    ],
    [
      64,
      51,
      0,
      50,
      1,
      "BLOCKSWAPARGS"
    ],
    [
      82,
      57,
      0,
      64,
      0,
      "IMAGE"
    ],
    [
      84,
      62,
      0,
      27,
      1,
      "WANVIDIMAGE_EMBEDS"
    ],
    [
      87,
      42,
      0,
      66,
      0,
      "IMAGE"
    ],
    [
      89,
      66,
      0,
      30,
      0,
      "IMAGE"
    ],
    [
      96,
      70,
      0,
      62,
      1,
      "WANVIDIMAGE_CLIPEMBEDS"
    ],
    [
      97,
      71,
      0,
      70,
      0,
      "CLIP_VISION"
    ],
    [
      100,
      35,
      0,
      22,
      0,
      "WANCOMPILEARGS"
    ],
    [
      107,
      77,
      0,
      66,
      1,
      "IMAGE"
    ],
    [
      185,
      102,
      0,
      104,
      0,
      "SAM2MODEL"
    ],
    [
      231,
      64,
      0,
      128,
      0,
      "*"
    ],
    [
      233,
      99,
      0,
      130,
      0,
      "*"
    ],
    [
      234,
      131,
      0,
      62,
      5,
      "IMAGE"
    ],
    [
      235,
      133,
      0,
      70,
      1,
      "IMAGE"
    ],
    [
      236,
      134,
      0,
      77,
      0,
      "IMAGE"
    ],
    [
      239,
      137,
      0,
      77,
      1,
      "IMAGE"
    ],
    [
      240,
      138,
      0,
      62,
      4,
      "IMAGE"
    ],
    [
      243,
      140,
      0,
      77,
      2,
      "IMAGE"
    ],
    [
      244,
      141,
      0,
      62,
      3,
      "IMAGE"
    ],
    [
      245,
      108,
      0,
      142,
      0,
      "*"
    ],
    [
      246,
      142,
      0,
      99,
      1,
      "MASK"
    ],
    [
      247,
      143,
      0,
      62,
      6,
      "MASK"
    ],
    [
      248,
      63,
      0,
      144,
      0,
      "*"
    ],
    [
      249,
      145,
      0,
      77,
      3,
      "IMAGE"
    ],
    [
      250,
      146,
      0,
      99,
      0,
      "IMAGE"
    ],
    [
      251,
      130,
      0,
      75,
      0,
      "IMAGE"
    ],
    [
      255,
      63,
      2,
      148,
      0,
      "*"
    ],
    [
      256,
      149,
      0,
      30,
      1,
      "AUDIO"
    ],
    [
      257,
      150,
      0,
      63,
      2,
      "INT"
    ],
    [
      258,
      151,
      0,
      63,
      3,
      "INT"
    ],
    [
      263,
      150,
      0,
      153,
      0,
      "*"
    ],
    [
      264,
      151,
      0,
      154,
      0,
      "*"
    ],
    [
      265,
      155,
      0,
      62,
      7,
      "INT"
    ],
    [
      266,
      156,
      0,
      62,
      8,
      "INT"
    ],
    [
      267,
      63,
      1,
      157,
      0,
      "*"
    ],
    [
      268,
      158,
      0,
      62,
      9,
      "INT"
    ],
    [
      278,
      38,
      0,
      161,
      0,
      "*"
    ],
    [
      279,
      162,
      0,
      28,
      0,
      "WANVAE"
    ],
    [
      280,
      163,
      0,
      62,
      0,
      "WANVAE"
    ],
    [
      281,
      65,
      0,
      27,
      2,
      "WANVIDEOTEXTEMBEDS"
    ],
    [
      282,
      133,
      0,
      62,
      2,
      "IMAGE"
    ],
    [
      286,
      150,
      0,
      64,
      2,
      "INT"
    ],
    [
      287,
      151,
      0,
      64,
      3,
      "INT"
    ],
    [
      289,
      171,
      0,
      48,
      1,
      "WANVIDLORA"
    ],
    [
      290,
      178,
      0,
      172,
      0,
      "POSEMODEL"
    ],
    [
      294,
      172,
      0,
      173,
      0,
      "POSEDATA"
    ],
    [
      306,
      144,
      0,
      180,
      0,
      "IMAGE"
    ],
    [
      307,
      180,
      1,
      173,
      1,
      "INT"
    ],
    [
      308,
      180,
      2,
      173,
      2,
      "INT"
    ],
    [
      309,
      180,
      0,
      172,
      1,
      "IMAGE"
    ],
    [
      310,
      180,
      1,
      172,
      3,
      "INT"
    ],
    [
      311,
      180,
      2,
      172,
      4,
      "INT"
    ],
    [
      314,
      104,
      0,
      182,
      0,
      "MASK"
    ],
    [
      315,
      182,
      0,
      108,
      0,
      "MASK"
    ],
    [
      316,
      180,
      0,
      104,
      1,
      "IMAGE"
    ],
    [
      317,
      172,
      1,
      183,
      0,
      "*"
    ],
    [
      318,
      183,
      0,
      174,
      0,
      "IMAGE"
    ],
    [
      319,
      173,
      0,
      184,
      0,
      "*"
    ],
    [
      320,
      184,
      0,
      181,
      0,
      "IMAGE"
    ],
    [
      321,
      172,
      3,
      104,
      4,
      "BBOX"
    ]
  ],
  "groups": [
    {
      "id": 1,
      "title": "Reference Image",
      "bounding": [
        -1209.306884765625,
        -1833.3065185546875,
        990.079833984375,
        724.450439453125
      ],
      "color": "#3f789e",
      "font_size": 24,
      "flags": {}
    },
    {
      "id": 3,
      "title": "Preprocessing",
      "bounding": [
        -1227.062744140625,
        -3202.685302734375,
        4104.810546875,
        1281.6610107421875
      ],
      "color": "#3f789e",
      "font_size": 24,
      "flags": {}
    },
    {
      "id": 4,
      "title": "Models",
      "bounding": [
        -1224.449951171875,
        -1055.772705078125,
        2156.392578125,
        1012.5536499023438
      ],
      "color": "#88A",
      "font_size": 24,
      "flags": {}
    },
    {
      "id": 5,
      "title": "Result collage",
      "bounding": [
        2370.66357421875,
        -1369.016845703125,
        629.7467041015625,
        605.8086547851562
      ],
      "color": "#3f789e",
      "font_size": 24,
      "flags": {}
    }
  ],
  "config": {},
  "extra": {
    "ds": {
      "scale": 0.32349184307607143,
      "offset": [
        3509.4229336496064,
        2961.5041530294056
      ]
    },
    "frontendVersion": "1.28.1",
    "node_versions": {
      "ComfyUI-WanVideoWrapper": "5a2383621a05825d0d0437781afcb8552d9590fd",
      "ComfyUI-KJNodes": "a5bd3c86c8ed6b83c55c2d0e7a59515b15a0137f",
      "ComfyUI-VideoHelperSuite": "0a75c7958fe320efcb052f1d9f8451fd20c730a8"
    },
    "VHS_latentpreview": true,
    "VHS_latentpreviewrate": 0,
    "VHS_MetadataImage": true,
    "VHS_KeepIntermediate": true
  },
  "version": 0.4
}